original_dish,healthier_alternative,halal_status,recipe_name,prep_time,ingredients,steps,healthy_brands_and_where_to_buy
"Roasted Chicken Rice","Steamed Chicken Breast on Brown Rice","Halal","Healthier Hainanese Chicken Rice","15 min","2 boneless skinless chicken breasts (300g); 1 cup brown rice; 3 slices ginger; 2 stalks spring onion; 2 pandan leaves; 1 tbsp sesame oil; 2 cloves garlic; 500ml low-sodium chicken stock; cucumber slices; coriander","Poach chicken in stock with ginger/pandan 20 min; toast brown rice with garlic then cook in broth; slice chicken and serve over rice with cucumber; make ginger-scallion sauce","Brown rice: FairPrice Thai Brown Unpolished 2.5kg (~) | Chicken: SG Fresh skinless breast from NTUC (~.50) | Stock: Swanson Low-Sodium Chicken Broth (~.50) | Oil: Yeo's Pure Sesame Oil (~)"
"Char Kway Teow","Kway Teow Soup with Fish Slices & Veg","Not Halal","Kway Teow Fish Soup","10 min","200g flat rice noodles; 250g fresh batang fillet sliced; 1L water/fish stock; 1 tomato; 1 cup kangkong; 2 slices ginger; 1 tbsp fried shallots; white pepper; 1 tsp light soy; 1 tbsp evaporated milk (optional)","Boil water with ginger and tomato 5 min; add noodles 2 min; slide in fish slices 2-3 min; add kangkong last 30 sec; season with soy and white pepper; garnish with fried shallots","Noodles: FairPrice Fresh Kway Teow (~.20) | Fish: Fresh batang from wet market (~/300g) | Soy sauce: Kwong Cheong Thye Light Soy (~) | Shallots: FairPrice Fried Shallots (~.50)"
"Nasi Lemak with Fried Chicken Wing","Thunder Tea Rice (Lei Cha Fan)","Halal","Thunder Tea Rice (Lei Cha Fan)","20 min","1.5 cups cooked brown rice; 1 cup kangkong; 1 cup chye sim; 1/2 cup long beans; 1/4 cup dried shrimp; 2 tbsp peanuts; 1 block firm tofu; tea paste (50g green tea leaves 20g basil 10g mint 2 tbsp sesame seeds); 500ml hot water","Pound tea paste with mortar; blanch vegetables 1 min; stir-fry long beans 2 min; dry-fry tofu until golden; assemble rice with toppings; pour warm tea broth over","Brown rice: FairPrice Thai Brown 2.5kg (~) | Tofu: Unicurd Firm Tofu (~.50) | Tea leaves: Lei Cha powder from Sheng Siong (~.50) | Vegetables: Fresh from any wet market (~-2/bunch)"
"Curry Laksa","Sliced Fish Soup with Bee Hoon","Halal","Teochew-style Sliced Fish Soup","10 min","200g fresh batang/garoupa fillet sliced thin; 100g bee hoon; 1L water; 2 slices ginger; 1 tomato wedges; 1 cup napa cabbage; 2 stalks Chinese celery; 1 tsp sesame oil; white pepper; fried garlic","Soak bee hoon 5 min; boil water with ginger and tomato; add cabbage 2 min; slide in fish 2 min; season with sesame oil and pepper; serve over bee hoon with celery and garlic","Bee hoon: FairPrice Rice Vermicelli (~.50) | Fish: Fresh batang/garoupa from wet market (~-8) | Sesame oil: Yeo's brand (~) | Vegetables: Fresh from wet market (~-2)"
"Roti Prata (2 pieces) with Curry","Chapati with Dhal & Vegetables","Halal","Wholemeal Chapati with Lentil Dhal","15 min","1 cup wholemeal atta flour; 1/2 cup warm water; pinch salt; 1/2 cup red lentils; 2 cups water; 1 tomato; 1/2 onion; 1 tsp cumin seeds; 1/2 tsp turmeric; 1 clove garlic; coriander; 1 tsp olive oil","Knead chapati dough rest 10 min; boil lentils with turmeric 12 min; temper cumin in oil add onion garlic tomato; mix into lentils; roll and dry-roast chapati; serve together","Flour: Pillsbury Wholemeal Atta (~.80/kg) | Lentils: Tata Masoor Dal from Mustafa (~.50) | Oil: Bertolli Olive Oil (~) | Spices: MDH brand from Mustafa Centre (~-3)"
"Yong Tau Foo (Fried with Laksa gravy)","Yong Tau Foo (Soup with fresh picks)","Halal","Healthy Yong Tau Foo (Soup Base)","10 min","6 pieces fresh veg (bitter gourd ladies finger eggplant chilli); 100g firm tofu; 2 pieces tau kee; 1 bunch kangkong; 100g wholegrain bee hoon; 1L ikan bilis stock; fish paste (100g minced fish 1 tsp cornflour pepper); soy sauce and chilli","Stuff fish paste into vegetables; boil ikan bilis stock; add stuffed veg and tofu 5 min; add greens last minute; cook bee hoon separately; serve with light soy and chilli","Tofu: Unicurd Firm Tofu (~.50) | Bee hoon: FairPrice Wholegrain Bee Hoon (~) | Fish paste: Fresh from wet market (~-4) | Vegetables: Fresh bitter gourd/eggplant from wet market (~-2)"
"Indian Mee Goreng","Mee Soto (Chicken Noodle Soup)","Halal","Mee Soto Ayam (Turmeric Chicken Soup)","10 min","200g skinless chicken thigh (bone-in); 100g bee hoon; 1L water; 1 stalk lemongrass; 1/2 tsp turmeric; 2 shallots; 1 clove garlic; bean sprouts; fried shallots; Chinese celery; lime; 1 tsp canola oil","Saute shallots and garlic in canola oil; add water lemongrass turmeric boil; simmer chicken 20 min then shred; cook bee hoon in broth 2 min; assemble with bean sprouts; garnish with fried shallots celery lime","Bee hoon: FairPrice Rice Vermicelli (~.50) | Chicken: SG Fresh skinless thigh (~) | Oil: Mazola Canola Oil Healthier Choice (~) | Spices: Fresh lemongrass/turmeric from wet market (~-2)"
"Hokkien Mee","Prawn Soup Bee Hoon","Not Halal","Prawn Soup Bee Hoon","10 min","200g fresh prawns (shell-on for stock); 100g bee hoon; 1L water; 2 cloves garlic; 1 tbsp dried shrimp; kangkong; bean sprouts; white pepper; 1 tsp canola oil","Fry prawn shells and dried shrimp in oil until fragrant; add water and simmer 10 min to make stock; strain broth; cook bee hoon 2 min; poach fresh prawns in broth 3 min; serve with kangkong and bean sprouts","Prawns: Fresh from wet market (~/300g) | Bee hoon: FairPrice Rice Vermicelli (~.50) | Dried shrimp: FairPrice brand (~) | Vegetables: Fresh kangkong from wet market (~)"
"Bak Chor Mee (Dry)","Ban Mian Soup (Fish/Egg)","Not Halal","Ban Mian Soup with Egg","10 min","200g ban mian noodles (fresh); 1L ikan bilis stock; 1 egg per bowl; 100g minced pork (lean); 1 cup sayur manis (sweet leaf); 2 slices ginger; light soy sauce; fried ikan bilis topping","Boil ikan bilis stock with ginger; add ban mian noodles cook 3-4 min; push aside and crack egg in broth to poach; add sayur manis leaves last minute; season with light soy; top with fried ikan bilis","Noodles: Fresh ban mian from wet market (~.50) | Pork: FairPrice Lean Minced Pork (~.50) | Ikan bilis: FairPrice dried anchovies (~) | Vegetables: Sayur manis from wet market (~.50)"
"Wanton Mee (Dry with Char Siew)","Wanton Noodle Soup (Lean)","Not Halal","Wanton Noodle Soup (Healthier)","15 min","200g wanton noodles; 8 wanton skins; 100g lean pork mince; 1 tsp sesame oil; 1L chicken stock; chye sim; light soy; white pepper; dash of oyster sauce","Mix lean pork with sesame oil and pepper to make wanton filling; wrap in wanton skins; boil chicken stock; cook noodles 1 min; poach wantons 3 min; add chye sim; season broth with light soy and oyster sauce","Noodles: Fresh wanton mee from wet market (~.50) | Pork: FairPrice Lean Minced Pork (~.50) | Wanton skin: FairPrice chilled (~.80) | Soy: Kwong Cheong Thye Light Soy (~)"
"Duck Rice (Braised)","Soya Sauce Chicken with Brown Rice (no skin)","Not Halal","Soya Sauce Chicken Brown Rice","5 min","2 chicken leg quarters (skin removed); 1 cup brown rice; 100ml dark soy sauce; 50ml light soy; 2 tbsp rock sugar; 1 star anise; 1 cinnamon stick; 3 slices ginger; 500ml water; hard-boiled egg; cucumber","Simmer soy sauces with sugar spices and water 5 min; add skinless chicken pieces and braise 25 min on low; cook brown rice separately; slice chicken and serve over rice with braising sauce (use sparingly); add egg and cucumber","Brown rice: FairPrice Thai Brown 2.5kg (~) | Chicken: SG Fresh leg quarters (~) | Soy: Kwong Cheong Thye Dark Soy (~) | Spices: FairPrice star anise/cinnamon (~)"
"Economy Rice / Cai Fan (typical 2 meat 1 veg)","Economy Rice (1 steamed meat + 2 veg + less rice)","Halal","Healthier Cai Fan Combo","0 min","Ask at stall: 1 steamed fish/tofu; 2 portions leafy veg (chye sim + long beans); less white rice or brown rice if available; skip gravy","Choose steamed egg or tofu over deep-fried meat; pick dark leafy veg over starchy items; ask for less rice or swap to brown; say no to gravy/curry on top; pair with clear soup if available","Brown rice: FairPrice Thai Brown 2.5kg (~) | Fish: Fresh steamed fish from wet market (~-7) | Vegetables: Fresh leafy greens from wet market (~-2) | N/A"
"Lor Mee (Braised Noodles)","Ipoh Hor Fun (Soup)","Not Halal","Ipoh Hor Fun with Chicken","5 min","200g fresh hor fun (flat rice noodles); 150g chicken breast (shredded); 800ml chicken stock; 1 cup bean sprouts; spring onion; light soy sauce; white pepper; sesame oil dash","Poach chicken breast in stock 15 min; shred chicken; blanch hor fun in hot water 30 sec; blanch bean sprouts; assemble in bowl with broth; top with chicken spring onion; season with soy pepper sesame oil","Hor fun: Fresh from wet market (~.50) | Chicken: SG Fresh chicken breast (~.50) | Soy: Kwong Cheong Thye Light Soy (~) | Bean sprouts: Fresh from wet market (~.80)"
"Prawn Mee (Fried)","Prawn Mee Soup (clear broth)","Not Halal","Prawn Noodle Soup","15 min","300g fresh prawns (shell-on); 100g bee hoon + 100g yellow noodles; 1L water; 2 cloves garlic; rock sugar pinch; kangkong; bean sprouts; sambal on side; pork ribs (100g optional)","Fry prawn heads/shells until red and fragrant; add water boil 15 min strain; add rock sugar for sweetness; cook noodles separately; poach fresh prawns 3 min; serve in bowl with kangkong bean sprouts and sambal on side","Prawns: Fresh from wet market (~/300g) | Noodles: FairPrice bee hoon + yellow noodles (~.50 each) | Kangkong: Fresh from wet market (~) | Sugar: FairPrice Rock Sugar (~)"
"Murtabak (Mutton)","Chicken Shawarma Wrap (homemade)","Halal","Healthier Chicken Shawarma Wrap","15 min","2 chicken breasts sliced thin; 2 wholemeal tortillas; 1 cup mixed salad; 1 tomato sliced; 1/2 cucumber sliced; Greek yoghurt (3 tbsp); 1 tsp cumin; 1 tsp paprika; 1/2 tsp turmeric; lemon juice; garlic","Marinate chicken with cumin paprika turmeric garlic and lemon 10 min; grill or pan-fry chicken with minimal oil 5-6 min; warm wholemeal tortillas; spread yoghurt sauce (yoghurt+garlic+lemon); layer chicken salad tomato cucumber; roll up tightly","Chicken: SG Fresh chicken breast (~.50) | Wraps: Mission Wholemeal Tortilla (~) | Yoghurt: Farmers Union Greek Yoghurt (~.50) | Spices: MDH cumin/paprika from Mustafa (~-3)"
"Claypot Rice","Steamed Brown Rice with Braised Chicken & Veg","Not Halal","Healthier Claypot-style Rice","10 min","1.5 cups brown rice; 200g chicken thigh (skinless); 2 tbsp dark soy; 1 tbsp oyster sauce; 1 tsp sesame oil; 1 cup kai lan (Chinese broccoli); 3 slices ginger; spring onion","Season chicken with dark soy oyster sauce ginger; cook brown rice in rice cooker; 5 min before done lay chicken on rice to steam; rest 5 min; blanch kai lan; serve topped with spring onion and dash of sesame oil","Brown rice: FairPrice Thai Brown 2.5kg (~) | Chicken: SG Fresh skinless thigh (~) | Soy: Kwong Cheong Thye Dark Soy (~) | Kai lan: Fresh from wet market (~.50)"
"Satay (10 sticks with peanut sauce)","Chicken Satay (5 sticks) with Cucumber Salad","Halal","Grilled Chicken Satay (Healthier)","20 min","300g chicken breast cut into strips; 10 bamboo skewers; marinade: 1 tbsp turmeric 1 tsp cumin 1 tbsp lemongrass paste 1 tsp honey 1 tbsp light soy; cucumber-onion salad; reduced peanut dip: 2 tbsp peanut butter 1 tbsp water 1 tsp lime juice","Thread chicken onto soaked skewers; marinate 15 min; grill or pan-fry 3-4 min each side; make salad with cucumber onion and vinegar dressing; thin peanut butter with water and lime for dipping; serve 5 sticks per person with salad","Chicken: SG Fresh chicken breast (~.50) | Skewers: FairPrice bamboo skewers (~) | Peanut butter: Pic's No Sugar PB from Cold Storage (~) | Spices: Fresh turmeric/lemongrass from wet market (~)"
"Popiah (Fried Spring Roll 3pcs)","Fresh Popiah (2 rolls)","Halal","Fresh Popiah","30 min","8 fresh popiah skins; 300g jicama/turnip (shredded); 100g carrots (shredded); 100g bean sprouts; 2 eggs (scrambled); 50g dried shrimp; lettuce leaves; 2 cloves garlic; sweet sauce; chilli sauce; crushed peanuts","Stir-fry garlic then add jicama and carrots with splash of water; braise 15 min until soft; scramble eggs separately; toast dried shrimp; lay popiah skin flat add lettuce then turnip filling egg peanuts; fold sides and roll tightly; slice in half","Skin: Kway Guan Huat Fresh Popiah Skin (~) | Turnip: Fresh jicama from wet market (~) | Shrimp: FairPrice dried shrimp (~.50) | Peanuts: FairPrice crushed peanuts (~.50)"
"Fried Carrot Cake (Black)","Steamed Carrot Cake (White - less oil)","Not Halal","Steamed Radish Cake (lighter)","20 min","500g white radish (grated); 150g rice flour; 50g tapioca starch; 400ml water; 1 tsp salt; 2 tbsp dried shrimp; spring onion; 1 tbsp oil for pan (less than traditional)","Grate radish and simmer in water 10 min; mix rice flour and tapioca starch with 200ml water to form batter; combine with cooked radish; pour into oiled tray and steam 30 min; cool and slice; pan-fry lightly with egg and chai poh (preserved radish)","Radish: Fresh daikon from wet market (~.50) | Rice flour: FairPrice Rice Flour (~) | Tapioca starch: FairPrice brand (~) | Chai poh: FairPrice preserved radish (~.50)"
"Rojak (Fried Dough Fritters type)","Fruit Rojak (No Fried Dough)","Halal","Fresh Fruit & Veg Rojak","15 min","1 cup pineapple chunks; 1 cup cucumber; 1 cup jicama; 1 green mango (sliced); bean sprouts; tau pok (1 piece toasted); rojak sauce: 2 tbsp hae ko (prawn paste) + 1 tbsp lime juice + 1 tsp sugar + chilli padi; crushed peanuts","Prepare all fruits and vegetables into bite-sized pieces; toast tau pok lightly (skip you tiao); mix rojak sauce separately; toss everything together; top with crushed peanuts; serve immediately","Hae ko: Teo Heng Hae Ko from FairPrice (~) | Fruits: Fresh pineapple/mango from wet market (~-4) | Tau pok: FairPrice fried tofu puffs (~.50) | Peanuts: FairPrice crushed peanuts (~.50)"
"Nasi Briyani (Mutton)","Nasi Briyani (Grilled Chicken + less rice)","Halal","Lighter Chicken Briyani","15 min","1 cup basmati rice; 200g chicken breast; 2 tbsp yoghurt; 1 tsp garam masala; 1/2 tsp turmeric; 1 bay leaf; 2 cardamom pods; 1 cinnamon stick; 1 onion (sliced); 1 tomato; saffron strands; fresh mint; raita (yoghurt + cucumber)","Marinate chicken in yoghurt and spices 10 min; sautÃ© onion until golden; add chicken and cook 5 min; add rice and water (2:1 ratio) with whole spices; cook on low 20 min covered; rest 5 min; serve with raita and fresh mint; use only 3/4 cup rice per person","Rice: India Gate Basmati Rice from Mustafa (~/kg) | Chicken: SG Fresh chicken breast (~.50) | Yoghurt: Farmers Union Greek Yoghurt (~.50) | Spices: MDH Garam Masala from Mustafa (~-5)"
"Mee Rebus","Mee Siam (less gravy)","Halal","Healthier Mee Siam","15 min","200g bee hoon; sauce: 2 tbsp chilli paste + 2 tbsp tamarind juice + 1 tbsp sugar + 200ml water; bean sprouts; hard-boiled egg; tau pok sliced; lime; chives; dried shrimp","Fry chilli paste with dried shrimp until fragrant; add tamarind juice sugar and water to form gravy; soak bee hoon in hot water 5 min drain; toss bee hoon in gravy until coated; top with bean sprouts sliced tau pok egg chives; squeeze lime over","Bee hoon: FairPrice Rice Vermicelli (~.50) | Tamarind: FairPrice Tamarind Paste (~.50) | Sambal: FairPrice Sambal Chilli (~) | Tau pok: FairPrice fried tofu puffs (~.50)"
"Bak Kut Teh (Pork Ribs Soup)","Bak Kut Teh (Lean Pork Loin version)","Not Halal","Lean Pork Bak Kut Teh","10 min","300g lean pork loin (sliced); 1L water; 1 BKT spice packet (white pepper + garlic + star anise + cloves); 4 cloves garlic; 1 tbsp light soy; 1 tbsp dark soy; lettuce leaves; mushrooms","Boil water with BKT spice packet and garlic 10 min; add lean pork slices and simmer 30 min; add mushrooms last 5 min; season with soy sauces; serve with lettuce leaves on side instead of you tiao; pair with brown rice","Pork: FairPrice Lean Pork Loin (~) | Spice packet: A1 BKT Spice Packet (~) | Soy: Kwong Cheong Thye Light+Dark Soy (~) | Mushrooms: FairPrice shiitake (~.50)"
"Kaya Toast Set (with soft-boiled eggs + kopi)","Wholemeal Toast with Peanut Butter + Teh-O-Kosong","Halal","Healthier Breakfast Toast","5 min","4 slices wholemeal bread; 2 tbsp natural peanut butter (no sugar); 1/2 banana (sliced); 2 soft-boiled eggs; teh-o-kosong (black tea no sugar)","Toast wholemeal bread until crispy; spread thin layer of peanut butter; add banana slices; soft-boil eggs 6.5 min; serve with teh-o-kosong; total set is under 250 kcal","Bread: Gardenia Wholemeal Bread (~) | Peanut butter: Pic's No Salt Smooth PB (~) | Eggs: SG Fresh Free-Range Eggs (~.50/10) | Tea: BOH Tea Bags (~)"
"Curry Chicken with Rice","Steamed Chicken with Brown Rice & Achar","Halal","Steamed Ginger Chicken with Achar","10 min","2 chicken drumsticks (skinless); 1 cup brown rice; 3 slices ginger; 1 stalk spring onion; achar: 1 cup cucumber + 1 carrot + 2 tbsp rice vinegar + 1 tsp sugar + pinch salt + sesame seeds","Rub chicken with ginger and salt; steam over boiling water 20-25 min until cooked through; cook brown rice; make achar by pickling cucumber and carrot in vinegar/sugar/salt mix 10 min; slice chicken serve over rice with achar on side","Brown rice: FairPrice Thai Brown 2.5kg (~) | Chicken: SG Fresh drumsticks (~.50) | Rice vinegar: Marukan Rice Vinegar (~) | Vegetables: Fresh cucumber/carrot (~.50)"
"Char Siew Rice (BBQ Pork)","Lean Char Siew with Brown Rice & Greens","Not Halal","Healthier Char Siew Rice","15 min","300g pork tenderloin; marinade: 2 tbsp hoisin sauce + 1 tbsp honey + 1 tbsp light soy + 1 tsp five-spice + red food colouring (optional); 1 cup brown rice; 1 cup choy sum; sesame seeds","Marinate pork 10 min (or overnight in fridge); roast at 200C for 20 min basting halfway; rest 5 min then slice; cook brown rice; blanch choy sum; assemble with sesame seeds on top","Pork: FairPrice Pork Tenderloin (~) | Sauce: Lee Kum Kee Hoisin Sauce (~) | Brown rice: FairPrice Thai Brown (~) | Choy sum: Fresh from wet market (~.50)"
"Fishball Noodles (Dry)","Fishball Noodle Soup (clear broth)","Not Halal","Fishball Noodle Soup","5 min","200g mee pok or mee kia; 8-10 fishballs; 100g minced pork (lean); 800ml pork/ikan bilis stock; chye sim; fried shallots; light soy sauce; white pepper","Boil stock; cook noodles 1-2 min and drain; add fishballs and minced pork to broth 3 min; add chye sim last 30 sec; place noodles in bowl ladle soup over; top with fried shallots and dash of soy","Fishballs: FairPrice Fresh Handmade Fishballs (~.50) | Noodles: Fresh mee pok from wet market (~.20) | Pork: FairPrice Lean Minced Pork (~.50) | Soy: Kwong Cheong Thye Light Soy (~)"
"Fried Bee Hoon (with luncheon meat)","Clear Soup Bee Hoon with Sliced Fish & Veg","Halal","Fish Soup Bee Hoon","5 min","150g bee hoon; 200g red garoupa or threadfin fillet sliced; 800ml fish/ikan bilis stock; 1 tomato; 1 cup napa cabbage; ginger slices; Chinese celery; white pepper; fried garlic","Boil stock with ginger and tomato 5 min; add cabbage 2 min; gently add fish slices 2 min; soak bee hoon separately drain; assemble in bowl with stock and toppings; garnish with celery and fried garlic; season with white pepper","Fish: Fresh garoupa/threadfin from wet market (~/300g) | Bee hoon: FairPrice Rice Vermicelli (~.50) | Vegetables: Fresh tomato/cabbage (~) | Garlic: FairPrice Fried Garlic (~.50)"
"Nasi Goreng (Fried Rice Malay-style)","Nasi Ulam (Herb Rice)","Halal","Nasi Ulam (Malay Herb Rice)","20 min","1.5 cups cooked jasmine rice (cooled); 1 cup mixed herbs: daun kesum (laksa leaf) + torch ginger bud + turmeric leaf + lemongrass + kaffir lime leaf (all finely sliced); 2 tbsp kerisik (toasted coconut); 1 tbsp dried shrimp (toasted); salt to taste","Cook rice and cool completely; finely shred all herbs (julienne); toast coconut flakes until golden (kerisik); toast dried shrimp; mix everything into rice gently; season with salt; serve at room temperature; pairs well with grilled fish","Rice: FairPrice Jasmine Rice or Brown Rice (~-6) | Herbs: Fresh daun kesum/torch ginger from Geylang Serai Market (~-3) | Coconut: FairPrice Desiccated Coconut (~) | Dried shrimp: FairPrice brand (~.50)"
"Fried Hokkien Mee","Stir-Fried Kway Teow with Prawns (less oil)","Not Halal","Lighter Hokkien Mee","10 min","150g yellow noodles; 100g bee hoon; 200g prawns (peeled); 100g squid (sliced); 1 egg; 200ml prawn stock; 2 tbsp canola oil (instead of lard); bean sprouts; chives; sambal on side; lime","Make quick prawn stock from shells; heat wok with canola oil; fry noodles 1 min; add stock and cover 3 min; push aside crack egg stir; add prawns squid 2 min; add bean sprouts chives toss; serve with sambal and lime","Noodles: Fresh yellow noodles + bee hoon from wet market (~.50 each) | Seafood: Fresh prawns + squid from wet market (~-10) | Oil: Mazola Canola Oil Healthier Choice (~) | Vegetables: Fresh bean sprouts/chives (~)"
"Oyster Omelette (Or Luak)","Steamed Egg with Oysters & Veg","Not Halal","Steamed Egg with Oysters","5 min","4 eggs; 100g fresh oysters (cleaned); 200ml water or dashi stock; 1 tsp sesame oil; 1 tsp light soy; spring onion; white pepper; chilli sauce on side","Beat eggs with stock/water sesame oil and soy; pour into heatproof dish; place oysters on top; cover with foil; steam 10-12 min until just set; garnish with spring onion and white pepper; serve with chilli sauce","Oysters: Fresh from wet market (~-6/100g) | Eggs: SG Fresh Free-Range Eggs (~.50/10) | Sesame oil: Yeo's Sesame Oil (~) | Soy: Kwong Cheong Thye Light Soy (~)"
"Chicken Chop Western (with fries)","Grilled Chicken Breast with Mashed Potato & Salad","Halal","Grilled Chicken with Smashed Potato","10 min","2 chicken breasts; 2 medium potatoes; 1 cup mixed salad greens; 1 tomato; olive oil 1 tbsp; herbs: rosemary thyme; salt pepper; lemon wedge; 2 tbsp milk for mash","Season chicken with herbs salt pepper olive oil; grill or pan-sear 6 min per side; boil potatoes until soft and mash with milk and pinch salt; toss salad with lemon; serve together","Chicken: SG Fresh chicken breast (~.50) | Potatoes: Fresh from supermarket (~) | Salad: FairPrice Mixed Salad Greens (~) | Oil: Bertolli Extra Virgin Olive Oil (~)"
"Bubble Tea (Large Full Sugar)","Iced Green Tea (0% sugar) with Aloe Vera","Halal","DIY Green Tea with Aloe","5 min","1 green tea bag; 300ml hot water; ice; 50g aloe vera cubes (from can - rinse to remove syrup); optional: 1 tsp honey","Brew green tea 3 min; remove bag; let cool; pour over ice; rinse aloe vera cubes under water to remove syrup; add to drink; add 1 tsp honey if needed (still far less sugar than bubble tea)","Tea: FairPrice Green Tea Bags (~) | Aloe vera: FairPrice Canned Aloe Vera (~.50) | Honey: Capilano Pure Honey (~) | N/A"
"Kopi (with condensed milk)","Kopi-O Kosong (black no sugar)","Halal","Kopi-O Kosong","2 min","2 tbsp local roasted coffee powder (Nanyang style); hot water; kopi sock filter (or pour-over); no milk no sugar","Boil water; put coffee into sock/filter; pour water through twice for strong brew; serve black; if too bitter add tiny splash of evaporated milk (kopi-c-kosong) for 20kcal total","Coffee: Lam Yeo Coffee Powder (~) | Kopi sock: From Mustafa Centre (~) | N/A | N/A"
"Milo Dinosaur","Milo Kosong (no sugar/condensed milk)","Halal","DIY Milo Kosong","2 min","2 tbsp Milo powder; 250ml hot water or warm low-fat milk; no sugar added","Mix Milo powder with hot water or low-fat milk; stir well; serve hot or iced; the natural malt gives enough sweetness without added sugar","Milo: Nestle Milo Powder Tin (~) | Milk: Meiji Low-Fat Milk (~.50) | N/A | N/A"
"Teh Tarik (pulled tea)","Teh-C Kosong (tea + evaporated milk no sugar)","Halal","Teh-C Kosong","2 min","1 tea bag or tea dust (local brand); 200ml hot water; 2 tbsp evaporated milk; no sugar","Brew tea strong in hot water 3 min; add evaporated milk; stir well; serve hot or pour over ice for iced version","Tea: BOH Tea Dust or Lipton (~) | Milk: Carnation Evaporated Milk (~) | N/A | N/A"
"Ice Kachang / Chendol","Fresh Fruit Bowl with Sago","Halal","Fresh Fruit with Sago","10 min","100g sago pearls; 1 cup mixed fruits (mango watermelon honeydew); 100ml low-fat milk; 1 tsp honey; ice; mint leaves","Boil sago in water until translucent (8-10 min); rinse under cold water; cut fruits into cubes; assemble in bowl with sago and ice; drizzle low-fat milk and honey; garnish with mint","Sago: FairPrice Sago Pearls (~) | Fruits: Fresh seasonal from wet market (~-5) | Milk: Meiji Low-Fat Milk (~.50) | Honey: Capilano Pure Honey (~)"
"Goreng Pisang (Fried Banana 5pcs)","Grilled Banana with Peanut Butter","Halal","Grilled Banana with PB","2 min","2 ripe bananas (halved lengthwise); 1 tbsp natural peanut butter; 1 tsp honey; pinch of cinnamon; sesame seeds","Halve bananas lengthwise; grill or pan-sear 2 min each side until caramelised; drizzle with peanut butter and honey; sprinkle cinnamon and sesame seeds","Bananas: Fresh from wet market (~-2) | Peanut butter: Pic's No Sugar PB (~) | Cinnamon: MasterFoods Cinnamon from FairPrice (~.50) | Sesame seeds: FairPrice brand (~)"
"Chwee Kueh (with preserved radish)","Chwee Kueh (less chai poh topping + chilli)","Halal","Steamed Rice Cakes (Chwee Kueh)","15 min","1 cup rice flour; 1/2 cup tapioca flour; 2 cups water; pinch salt; preserved radish (chai poh) 3 tbsp; 2 cloves garlic; 1 tbsp canola oil; chilli sauce","Mix rice flour tapioca flour water and salt until smooth; pour into small oiled moulds; steam 15-20 min; fry chai poh with garlic in minimal oil; top each kueh with small amount of chai poh; serve with chilli","Rice flour: FairPrice Rice Flour (~) | Tapioca starch: FairPrice brand (~) | Chai poh: FairPrice Preserved Radish (~.50) | Oil: Mazola Canola Oil (~)"
"Otah (6 pieces grilled)","Otak-Otak (3 pieces) + Steamed Fish","Halal","Grilled Fish + Mini Otah","10 min","200g fish fillet (ikan tenggiri/mackerel); 3 pieces store-bought otah; banana leaves; marinade: 1 tsp turmeric + 1 tbsp lemon juice + pinch salt; steamed rice","Marinate fish fillet with turmeric lemon salt; wrap in banana leaf or just grill on pan 5-6 min per side; grill otah in banana leaf wraps 5 min; serve with steamed rice and cucumber slices; 1.5 otah per person instead of 3","Fish: Fresh ikan tenggiri from wet market (~-6) | Otah: FairPrice Frozen Otah (~/pack) | Banana leaves: FairPrice Frozen Banana Leaves (~) | Turmeric: Fresh from wet market (~)"
"Nasi Padang (Rendang + Fried Chicken + Sayur)","Nasi Padang (Grilled Fish + Sayur Lodeh + Sambal)","Halal","Healthier Nasi Padang Combo","0 min","At the stall: choose grilled/panggang fish over fried; pick sayur lodeh (veg curry) or stir-fried long beans; 1 sambal egg; ask for less rice; skip bergedil (fried potato)","Point to grilled fish (ikan panggang) and say less rice; choose 1 veg curry + 1 stir-fried veg; skip fried items like bergedil tahu goreng; sambal on side; drink plain water","Brown rice: FairPrice Thai Brown 2.5kg (~) | Sambal: FairPrice Sambal Chilli (~) | Vegetables: Fresh from wet market (~-3) | N/A - order at stall"
"Chilli Crab with Mantou (2 buns)","Black Pepper Crab (no mantou)","Halal","Black Pepper Crab (lighter ver)","10 min","1 whole mud crab (600g cleaned); 2 tbsp crushed black pepper; 3 cloves garlic; 30g butter (reduced from typical 60g); 1 tbsp oyster sauce; 1 tbsp dark soy; spring onion; serve with brown rice instead of mantou","Crack crab into pieces; heat butter in wok and fry garlic black pepper 1 min; add crab pieces stir-fry 5 min; add oyster sauce dark soy and splash of water; cover and cook 8 min; garnish spring onion; serve with brown rice","Crab: Fresh mud crab from wet market (~-20) | Pepper: FairPrice Coarse Black Pepper (~) | Butter: SCS Butter (~) | Brown rice: FairPrice Thai Brown (~)"
"Pig Organ Soup (Kway Chap)","Sliced Pork Soup with Kway Teow (lean cuts)","Not Halal","Lean Pork Kway Teow Soup","5 min","200g lean pork loin (sliced thin); 200g kway teow; 800ml pork stock; 1 hard-boiled egg; tau kwa (firm tofu); chye sim; garlic; five-spice pinch; dark soy (dash)","Boil pork stock with garlic and five-spice; add lean pork slices 3 min; add tau kwa; cook kway teow separately; assemble in bowl with broth; add halved egg and chye sim; season with dark soy","Pork: FairPrice Lean Pork Loin (~) | Kway teow: Fresh from wet market (~.50) | Tofu: Unicurd Tau Kwa (~.50) | Spices: FairPrice Five-Spice Powder (~)"
"Laksa (full coconut)","Mee Siam (Dry less gravy)","Halal","Mee Siam (lighter)","15 min","200g bee hoon (soaked); sauce: 3 tbsp rempah (spice paste) + 2 tbsp tamarind juice + 1 tbsp sugar + 100ml water; toppings: hard-boiled egg + bean sprouts + tau pok slices + chives + lime; dried shrimp 1 tbsp","Fry rempah paste with dried shrimp until fragrant; add tamarind juice sugar and water; toss drained bee hoon in sauce; serve topped with sliced tau pok egg bean sprouts chives; squeeze lime","Bee hoon: FairPrice Rice Vermicelli (~.50) | Paste: Prima Taste Mee Siam Paste (~.50) | Tamarind: FairPrice Tamarind Paste (~.50) | Tau pok: FairPrice fried tofu puffs (~.50)"
"Sup Kambing (Mutton Soup with bread)","Sup Ayam (Chicken Soup with wholemeal bread)","Halal","Healthier Chicken Soup (Sup Ayam)","10 min","2 chicken drumsticks (skinless); 1L water; 1 cinnamon stick; 2 star anise; 3 cloves; 1 onion; 2 potatoes (cubed); 1 carrot (cubed); 1 celery stalk; salt and pepper; fried shallots; 2 slices wholemeal bread","Boil water with spices and onion 5 min; add chicken and simmer 20 min; add potato and carrot last 10 min; remove chicken and shred meat off bone; return meat to pot; season with salt pepper; serve in bowl with celery and fried shallots; eat with wholemeal bread","Chicken: SG Fresh skinless drumsticks (~.50) | Spices: MDH whole spices from Mustafa (~) | Vegetables: Fresh potato/carrot/celery (~) | Bread: Gardenia Wholemeal Bread (~)"
"Dim Sum (Har Gow + Siew Mai + Char Siew Bao = 6pcs)","Steamed Dim Sum (Crystal Dumplings + Chee Cheong Fun)","Not Halal","Lighter Dim Sum Set","0 min","Order at restaurant: 2 crystal shrimp dumplings + 2 steamed siew mai + 1 plate chee cheong fun; skip char siew bao and fried items; have Chinese tea (pu-erh) for digestion","Choose steamed over fried/baked; crystal dumplings are lighter than har gow; pick chee cheong fun (rice rolls) as a filler; drink Chinese tea; limit to 6-8 pieces total; skip sweet sauce go for light soy","Rice flour: FairPrice Rice Roll Flour (~) | Dim sum: FairPrice Frozen Steamed Dim Sum (~-8) | Tea: Chinese pu-erh from Chinatown tea shops (~) | N/A"
"Mee Pok Dry (with vinegar chilli)","Mee Pok Soup (less oil)","Not Halal","Mee Pok Soup","5 min","200g mee pok noodles; 80g lean pork mince; 6 fishballs; 800ml pork/ikan bilis stock; 1 tbsp fried shallots; chye sim; light soy; vinegar (1 tsp on side); white pepper","Boil stock; season pork mince with dash of soy and pepper; cook mee pok 1-2 min; form small pork meatballs or just drop mince into broth; add fishballs; add chye sim last; serve in bowl with broth and fried shallots; put vinegar on side","Noodles: Fresh mee pok from wet market (~.20) | Pork: FairPrice Lean Minced Pork (~.50) | Fishballs: FairPrice Fresh Fishballs (~.50) | Soy: Kwong Cheong Thye Light Soy (~)"
"Ngoh Hiang (Five Spice Rolls 5pcs fried)","Steamed Ngoh Hiang (homemade less oil)","Not Halal","Steamed Five-Spice Roll","20 min","200g lean pork mince; 100g prawns (chopped); 50g water chestnuts (diced); 1 tsp five-spice powder; 1 egg; 1 tbsp cornstarch; beancurd skin sheets; salt and pepper; sweet sauce for dipping","Mix pork prawns water chestnuts five-spice egg cornstarch salt pepper; lay beancurd skin flat; spread mixture along edge and roll up tightly; steam rolls 12-15 min; optional: lightly pan-sear after for crispiness; slice and serve with sweet sauce","Pork: FairPrice Lean Minced Pork (~.50) | Prawns: Fresh from wet market (~) | Beancurd skin: FairPrice Tau Kee Sheets (~) | Spices: FairPrice Five-Spice Powder (~)"
"Curry Puff (3 pieces)","Steamed Chicken Pau (2 pieces)","Not Halal","Steamed Chicken Pau","20 min","Dough: 2 cups pau flour + 1 tsp instant yeast + 2 tbsp sugar + 100ml warm water + 1 tbsp oil; Filling: 150g chicken breast (diced) + 1 tbsp oyster sauce + 1 tsp sesame oil + 50g bamboo shoots + spring onion","Make dough: mix flour yeast sugar water oil knead 5 min rest 30 min; make filling: dice chicken mix with oyster sauce sesame oil bamboo shoots; divide dough into 4; flatten wrap filling and pleat shut; steam on parchment 12-15 min","Flour: Prima Pau Flour (~) | Chicken: SG Fresh chicken breast (~.50) | Sauce: Lee Kum Kee Oyster Sauce (~) | Bamboo shoots: FairPrice Canned Bamboo Shoots (~)"
"Iced Lemon Tea (sweetened hawker)","Iced Barley Water (less sugar homemade)","Halal","Homemade Barley Water","5 min","100g pearl barley; 1.5L water; 2 pandan leaves; 1 tbsp rock sugar (or less); optional: soy milk splash","Rinse barley well; boil in water with pandan leaves 40-45 min until soft; add rock sugar last 5 min (use half of what recipes say); cool and refrigerate; serve cold; barley grains are edible and nutritious","Barley: FairPrice Pearl Barley (~) | Pandan leaves: Fresh from wet market (~.50) | Rock sugar: FairPrice Rock Sugar (~) | N/A"
"Sugarcane Juice (large)","Coconut Water (fresh young coconut)","Halal","Fresh Coconut Water","0 min","Buy 1 fresh young coconut from fruit stall; ask them to chop open; drink water straight; scoop flesh for bonus fibre","Buy from wet market or supermarket; drink directly; coconut water has natural potassium and electrolytes; no processing needed","Coconut: Fresh young coconut from wet market (~.50-3.50) | N/A | N/A | N/A"
