Original Dish,Calories (Original),Healthier Alternative,Calories (Alternative),Calories Saved,Protein (Alt),Fat (Alt),Fibre (Alt),Why It's Better,Hawker Stall 1,Location 1,Hawker Stall 2,Location 2,Hawker Stall 3,Location 3,Recipe Name,Servings,Prep Time,Cook Time,Ingredients,Steps,Ingredient 1 (Buy),Where to Buy 1,Price 1,Ingredient 2 (Buy),Where to Buy 2,Price 2,Ingredient 3 (Buy),Where to Buy 3,Price 3,Ingredient 4 (Buy),Where to Buy 4,Price 4,Halal Status,Stall 1 Halal,Stall 2 Halal,Stall 3 Halal
Roasted Chicken Rice,607,Steamed Chicken Breast on Brown Rice,390,217,38g,6g,4g,Steaming removes all oil; skinless breast saves ~120 kcal; brown rice adds 3.5g fibre,Tian Tian Hainanese Chicken Rice (ask for steamed),"Maxwell Food Centre, #01-10, 1 Kadayanallur St",Ah Tai Hainanese Chicken Rice,"Maxwell Food Centre, #01-07",Boon Tong Kee (steamed option),399/401 Balestier Road,Healthier Hainanese Chicken Rice,2,15 min,35 min,2 boneless skinless chicken breasts (300g); 1 cup brown rice; 3 slices ginger; 2 stalks spring onion; 2 pandan leaves; 1 tbsp sesame oil; 2 cloves garlic; 500ml low-sodium chicken stock; cucumber slices; coriander,Poach chicken in stock with ginger/pandan 20 min; toast brown rice with garlic then cook in broth; slice chicken and serve over rice with cucumber; make ginger-scallion sauce,"Brown rice (FairPrice Thai Brown Unpolished, 2.5kg)",NTUC FairPrice / FairPrice Online,~$6.00,Skinless chicken breast (chilled),"NTUC FairPrice, Sheng Siong, Cold Storage",~$4.50/pack,Low-sodium chicken stock,"FairPrice (Swanson brand), Cold Storage",~$3.50,"Fresh ginger, pandan leaves","Any wet market (Tekka Market, Geylang Serai Market)",~$1.00,Halal,Not Halal,Not Halal,Not Halal
Char Kway Teow,740,Kway Teow Soup with Fish Slices & Veg,320,420,28g,6g,2g,Soup-based eliminates lard and dark sauces; fish provides omega-3; almost 60% fewer calories,First Street Teochew Fish Soup,"Bukit Merah Central Food Centre, #01-81",Blanco Court Fish Soup,"Blk 243 Simei St 5, Hawker Centre",Han Jiang Fish Soup,"Bedok Food Centre, #01-23",Kway Teow Fish Soup,2,10 min,15 min,200g flat rice noodles; 250g fresh batang fillet sliced; 1L water/fish stock; 1 tomato; 1 cup kangkong; 2 slices ginger; 1 tbsp fried shallots; white pepper; 1 tsp light soy; 1 tbsp evaporated milk (optional),Boil water with ginger and tomato 5 min; add noodles 2 min; slide in fish slices 2-3 min; add kangkong last 30 sec; season with soy and white pepper; garnish with fried shallots,Fresh kway teow noodles,"Any wet market noodle stall, FairPrice (chilled section)",~$1.20,Fresh batang fish fillet,"Tekka Market, Tiong Bahru Market, Sheng Siong",~$6.00/300g,Kangkong (water spinach),Any wet market or supermarket,~$1.00/bunch,Fried shallots,NTUC FairPrice (cooking aisle),~$2.50,Not Halal,Not Halal,Not Halal,Not Halal
Nasi Lemak with Fried Chicken Wing,640,Thunder Tea Rice (Lei Cha Fan),280,360,12g,8g,7g,Plant-based meal with 6+ vegetables; brown rice base; tea paste full of antioxidants,Hakka Leipopo Lei Cha,"Lau Pa Sat, 18 Raffles Quay, #01-K4",Thunder Tea Rice stall,"Anchorvale Village Hawker Centre, Sengkang",Hakka Rice at Margaret Drive,"Margaret Drive Hawker Centre, #02-30",Thunder Tea Rice (Lei Cha Fan),2,20 min,15 min,1.5 cups cooked brown rice; 1 cup kangkong; 1 cup chye sim; 1/2 cup long beans; 1/4 cup dried shrimp; 2 tbsp peanuts; 1 block firm tofu; tea paste (50g green tea leaves 20g basil 10g mint 2 tbsp sesame seeds); 500ml hot water,Pound tea paste with mortar; blanch vegetables 1 min; stir-fry long beans 2 min; dry-fry tofu until golden; assemble rice with toppings; pour warm tea broth over,Green tea leaves (lei cha powder),"Sheng Siong (Asian groceries), Scarlett Supermarket",~$3.50,Brown rice (FairPrice Thai Brown),"NTUC FairPrice, Giant",~$6.00/2.5kg,"Fresh kangkong, chye sim, long beans","Tekka Market, Geylang Serai Market, any wet market",~$1-2/bunch,Firm tofu,"NTUC FairPrice, Sheng Siong",~$1.50/block,Halal,Not Halal,Not Halal,Not Halal
Curry Laksa,680,Sliced Fish Soup with Bee Hoon,290,390,30g,5g,2g,Clear broth instead of coconut milk cuts 30g fat; fish provides omega-3; bee hoon is lighter,First Street Teochew Fish Soup,"Bukit Merah Central Food Centre, #01-81",T.G. Fish Porridge & Soup,"Amoy Street Food Centre, #02-100",Whampoa 87 Fish Soup,"Blk 91 Whampoa Drive, #01-38",Teochew-style Sliced Fish Soup,2,10 min,12 min,200g fresh batang/garoupa fillet sliced thin; 100g bee hoon; 1L water; 2 slices ginger; 1 tomato wedges; 1 cup napa cabbage; 2 stalks Chinese celery; 1 tsp sesame oil; white pepper; fried garlic,Soak bee hoon 5 min; boil water with ginger and tomato; add cabbage 2 min; slide in fish 2 min; season with sesame oil and pepper; serve over bee hoon with celery and garlic,Fresh batang/garoupa fillet,"Tekka Market, Chinatown Complex wet market",~$6-8/300g,Rice vermicelli (bee hoon),"NTUC FairPrice, Sheng Siong",~$1.50/pack,"Chinese celery, napa cabbage",Any wet market or supermarket,~$1-2,Sesame oil,NTUC FairPrice (Yeo's or FairPrice brand),~$3.00,Halal,Not Halal,Not Halal,Not Halal
Roti Prata (2 pieces) with Curry,520,Chapati with Dhal & Vegetables,260,260,14g,6g,8g,Chapati uses no lard/ghee; dhal adds plant protein and fibre; 3x more vitamins,Springleaf Prata Place (chapati option),1 Thong Soon Ave,Mr & Mrs Mohgan's Super Crispy Prata,"Thasevi Food, 237 Jalan Kayu",Al-Azhar Eating Restaurant (chapati with dhal),11 Cheong Chin Nam Road,Wholemeal Chapati with Lentil Dhal,2,15 min,20 min,1 cup wholemeal atta flour; 1/2 cup warm water; pinch salt; 1/2 cup red lentils; 2 cups water; 1 tomato; 1/2 onion; 1 tsp cumin seeds; 1/2 tsp turmeric; 1 clove garlic; coriander; 1 tsp olive oil,Knead chapati dough rest 10 min; boil lentils with turmeric 12 min; temper cumin in oil add onion garlic tomato; mix into lentils; roll and dry-roast chapati; serve together,Wholemeal atta flour,"NTUC FairPrice (Pillsbury/FairPrice brand), Mustafa Centre",~$2.80/1kg,Red lentils (masoor dal),"Mustafa Centre, FairPrice, Sheng Siong",~$3.50/500g,"Cumin seeds, turmeric powder","Mustafa Centre (cheapest), any supermarket",~$2-3,Olive oil (healthier cooking),"NTUC FairPrice, Cold Storage",~$7-10,Halal,Halal,Halal,Halal
Yong Tau Foo (Fried with Laksa gravy),550,Yong Tau Foo (Soup with fresh picks),300,250,22g,8g,5g,Clear soup cuts 200+ kcal vs laksa gravy; fresh ingredients over processed; tofu adds plant protein,Gem Fresh Yong Tau Foo,"Bugis Cube, #01-K1, 470 North Bridge Rd",Orchard Yong Tau Foo,"Far East Plaza, 14 Scotts Rd, #05-121",Fu Lin Fried Yong Tau Foo (soup option),721 East Coast Road,Healthy Yong Tau Foo (Soup Base),2,10 min,10 min,6 pieces fresh veg (bitter gourd ladies finger eggplant chilli); 100g firm tofu; 2 pieces tau kee; 1 bunch kangkong; 100g wholegrain bee hoon; 1L ikan bilis stock; fish paste (100g minced fish 1 tsp cornflour pepper); soy sauce and chilli,Stuff fish paste into vegetables; boil ikan bilis stock; add stuffed veg and tofu 5 min; add greens last minute; cook bee hoon separately; serve with light soy and chilli,Fresh fish paste (ready-made),"Any wet market fishmonger, NTUC FairPrice (chilled)",~$3-4,"Firm tofu, tau kee","NTUC FairPrice, Sheng Siong, any wet market",~$1-2/pack,Wholegrain bee hoon,NTUC FairPrice (Healthier Choice section),~$2.00,"Bitter gourd, ladies finger, eggplant","Tekka Market, Geylang Serai Market",~$1-2 each,Halal,Not Halal,Not Halal,Not Halal
Indian Mee Goreng,660,Mee Soto (Chicken Noodle Soup),350,310,24g,10g,2g,Soup-based with light turmeric broth; shredded chicken is lean; ask for bee hoon to cut more calories,Inspirasi stall (Mee Soto Ayam),"Adam Road Food Centre, #01-31",Haji M. Abdul Rajak,"Haig Road Market & Food Centre, #01-14",Selera Rasa Nasi Lemak (mee soto option),Adam Road Food Centre,Mee Soto Ayam (Turmeric Chicken Soup),2,10 min,25 min,200g skinless chicken thigh (bone-in); 100g bee hoon; 1L water; 1 stalk lemongrass; 1/2 tsp turmeric; 2 shallots; 1 clove garlic; bean sprouts; fried shallots; Chinese celery; lime; 1 tsp canola oil,Saute shallots and garlic in canola oil; add water lemongrass turmeric boil; simmer chicken 20 min then shred; cook bee hoon in broth 2 min; assemble with bean sprouts; garnish with fried shallots celery lime,Skinless chicken thigh (bone-in),"NTUC FairPrice, Sheng Siong (fresh poultry)",~$4.00/pack,Rice vermicelli (bee hoon),"NTUC FairPrice, Sheng Siong, Giant",~$1.50,"Lemongrass, turmeric, shallots","Any wet market (Tekka, Geylang Serai), supermarket",~$1-2,Canola oil (Healthier Choice),NTUC FairPrice (Healthier Choice Symbol section),~$6.00,Halal,Halal,Halal,Halal
Hokkien Mee,522,Prawn Soup Bee Hoon,280,242,22g,6g,1g,Clear prawn broth replaces heavy lard-fried noodles; fresh prawns provide lean protein; much lower sodium,Beach Road Prawn Mee (soup option),"370 East Coast Road, Singapore",Blk 84 Marine Parade Prawn Mee,"Blk 84 Marine Parade Central, #01-197",545 Whampoa Prawn Noodles,"Blk 556 Balestier Road, #01-70",Prawn Soup Bee Hoon,2,10 min,15 min,200g fresh prawns (shell-on for stock); 100g bee hoon; 1L water; 2 cloves garlic; 1 tbsp dried shrimp; kangkong; bean sprouts; white pepper; 1 tsp canola oil,Fry prawn shells and dried shrimp in oil until fragrant; add water and simmer 10 min to make stock; strain broth; cook bee hoon 2 min; poach fresh prawns in broth 3 min; serve with kangkong and bean sprouts,Fresh prawns (shell-on),"Tekka Market, any wet market fishmonger",~$8/300g,Rice vermicelli (bee hoon),"NTUC FairPrice, Sheng Siong",~$1.50,Dried shrimp,NTUC FairPrice (dried goods),~$3.00,"Kangkong, bean sprouts",Any wet market or supermarket,~$1-2,Not Halal,Not Halal,Not Halal,Not Halal
Bak Chor Mee (Dry),510,Ban Mian Soup (Fish/Egg),380,130,22g,10g,3g,Soup base means less vinegar/lard dressing; hand-pulled noodles have no alkaline; egg adds protein without deep-frying,Grandma Ban Mee,"Amoy Street Food Centre, #01-07",L32 Handmade Noodles,"Blk 1 Geylang Lorong 32, Singapore",Jian Bo Shui Kueh (next door ban mian),"Tiong Bahru Market, #02-05",Ban Mian Soup with Egg,2,10 min,15 min,200g ban mian noodles (fresh); 1L ikan bilis stock; 1 egg per bowl; 100g minced pork (lean); 1 cup sayur manis (sweet leaf); 2 slices ginger; light soy sauce; fried ikan bilis topping,Boil ikan bilis stock with ginger; add ban mian noodles cook 3-4 min; push aside and crack egg in broth to poach; add sayur manis leaves last minute; season with light soy; top with fried ikan bilis,Fresh ban mian noodles,"Any wet market noodle stall, NTUC FairPrice (chilled)",~$1.50,Lean minced pork,"NTUC FairPrice, Sheng Siong",~$3.50/pack,Sayur manis (sweet leaf),Wet market vegetable stall,~$1.50,Ikan bilis (dried anchovies),"NTUC FairPrice, Sheng Siong",~$4.00/pack,Not Halal,Not Halal,Not Halal,Not Halal
Wanton Mee (Dry with Char Siew),430,Wanton Noodle Soup (Lean),350,80,25g,8g,2g,Soup version has no lard/oil dressing; lean char siew has less saturated fat; still gets the wanton flavour,Kok Kee Wanton Mee,"Lavender Food Square, 380 Jalan Besar",Eng's Wantan Noodle,287 Tanjong Katong Road,Pontian Wanton Noodles,Multiple outlets island-wide,Wanton Noodle Soup (Healthier),2,15 min,10 min,200g wanton noodles; 8 wanton skins; 100g lean pork mince; 1 tsp sesame oil; 1L chicken stock; chye sim; light soy; white pepper; dash of oyster sauce,Mix lean pork with sesame oil and pepper to make wanton filling; wrap in wanton skins; boil chicken stock; cook noodles 1 min; poach wantons 3 min; add chye sim; season broth with light soy and oyster sauce,Fresh wanton noodles,"Any wet market noodle stall, NTUC FairPrice",~$1.50,Wanton skins,"NTUC FairPrice, Sheng Siong (chilled/frozen)",~$1.80,Lean pork mince,"NTUC FairPrice, Sheng Siong",~$3.50/pack,Chye sim (Chinese mustard greens),Any wet market or supermarket,~$1.00,Not Halal,Not Halal,Not Halal,Not Halal
Duck Rice (Braised),580,Soya Sauce Chicken with Brown Rice (no skin),400,180,35g,10g,3g,Removing skin cuts saturated fat; braised soy sauce chicken is leaner than duck; brown rice adds fibre,Sin Kee Famous Chicken Rice,"Margaret Drive Hawker Centre, #02-38",Liao Fan Soya Sauce Chicken,"Chinatown Complex, #02-126",Ah Five Hainanese Chicken Rice (soya option),"Clementi 448 Market, #01-18",Soya Sauce Chicken Brown Rice,2,5 min,30 min,2 chicken leg quarters (skin removed); 1 cup brown rice; 100ml dark soy sauce; 50ml light soy; 2 tbsp rock sugar; 1 star anise; 1 cinnamon stick; 3 slices ginger; 500ml water; hard-boiled egg; cucumber,Simmer soy sauces with sugar spices and water 5 min; add skinless chicken pieces and braise 25 min on low; cook brown rice separately; slice chicken and serve over rice with braising sauce (use sparingly); add egg and cucumber,Brown rice,"NTUC FairPrice, Sheng Siong",~$6.00/2.5kg,Chicken leg quarters (fresh),"NTUC FairPrice, Sheng Siong",~$5.00/pack,"Dark soy sauce, light soy sauce",NTUC FairPrice (Kwong Cheong Thye brand),~$3.00,"Star anise, cinnamon stick","NTUC FairPrice, Mustafa Centre",~$2.00,Not Halal,Not Halal,Not Halal,Not Halal
Economy Rice / Cai Fan (typical 2 meat 1 veg),700,Economy Rice (1 steamed meat + 2 veg + less rice),420,280,28g,12g,5g,Ask for less rice (saves 150 kcal); choose steamed/braised over fried; double up on leafy greens,Heng Hwa Economy Rice,"Bukit Merah View Food Centre, #01-44",Tian Tian Lai Mixed Vegetable Rice,"Beo Crescent Market, #01-20",Any HDB economy rice stall with HPB Healthier Choice logo,Island-wide (60+ hawker centres),Healthier Cai Fan Combo,1,0 min,0 min,Ask at stall: 1 steamed fish/tofu; 2 portions leafy veg (chye sim + long beans); less white rice or brown rice if available; skip gravy,Choose steamed egg or tofu over deep-fried meat; pick dark leafy veg over starchy items; ask for less rice or swap to brown; say no to gravy/curry on top; pair with clear soup if available,N/A - buy at hawker stall,Economy rice stalls island-wide,$3-4 per plate,Brown rice (if cooking at home),"NTUC FairPrice, Sheng Siong",~$6.00/2.5kg,Steamed fish (if cooking),"Wet market fishmonger, NTUC FairPrice",~$5-7,Leafy vegetables,"Any wet market, supermarket",~$1-2/bunch,Halal,Not Halal,Not Halal,Not Halal
Lor Mee (Braised Noodles),580,Ipoh Hor Fun (Soup),380,200,20g,8g,2g,Clear broth vs thick starchy gravy; much lower sodium; flat noodles are lighter,Li Xin Teochew Fishball Noodle,"Chinatown Complex, #02-52",Amoy St Hor Fun,"Amoy Street Food Centre, #02-79",78 Ipoh Hor Fun,"Blk 78 Telok Blangah Drive, #01-20",Ipoh Hor Fun with Chicken,2,5 min,15 min,200g fresh hor fun (flat rice noodles); 150g chicken breast (shredded); 800ml chicken stock; 1 cup bean sprouts; spring onion; light soy sauce; white pepper; sesame oil dash,Poach chicken breast in stock 15 min; shred chicken; blanch hor fun in hot water 30 sec; blanch bean sprouts; assemble in bowl with broth; top with chicken spring onion; season with soy pepper sesame oil,Fresh hor fun noodles,"Any wet market noodle stall, FairPrice chilled section",~$1.50,Chicken breast,"NTUC FairPrice, Sheng Siong, Cold Storage",~$4.50,Bean sprouts,Any wet market or supermarket,~$0.80,Light soy sauce,NTUC FairPrice,~$2.00,Not Halal,Not Halal,Not Halal,Not Halal
Prawn Mee (Fried),580,Prawn Mee Soup (clear broth),380,200,25g,10g,1g,Soup version has no frying; rich prawn broth keeps flavour; less oil and sodium,545 Whampoa Prawn Noodles,"Blk 556 Balestier Road, #01-70",Beach Road Prawn Mee,370 East Coast Road,Blk 84 Marine Parade Prawn Mee,"Blk 84 Marine Parade Central, #01-197",Prawn Noodle Soup,2,15 min,20 min,300g fresh prawns (shell-on); 100g bee hoon + 100g yellow noodles; 1L water; 2 cloves garlic; rock sugar pinch; kangkong; bean sprouts; sambal on side; pork ribs (100g optional),Fry prawn heads/shells until red and fragrant; add water boil 15 min strain; add rock sugar for sweetness; cook noodles separately; poach fresh prawns 3 min; serve in bowl with kangkong bean sprouts and sambal on side,Fresh prawns (medium),"Tekka Market, NTUC FairPrice (seafood section)",~$8/300g,Bee hoon + yellow noodles,"NTUC FairPrice, any wet market noodle stall",~$1.50 each,Kangkong + bean sprouts,Any wet market,~$1.50,Rock sugar,NTUC FairPrice (baking section),~$2.00,Not Halal,Not Halal,Not Halal,Not Halal
Murtabak (Mutton),674,Chicken Shawarma Wrap (homemade),380,294,30g,14g,3g,Grilled chicken vs fried dough; whole wheat wrap adds fibre; yoghurt sauce instead of oil,Zam Zam Restaurant,697-699 North Bridge Road,Victory Restaurant,701 North Bridge Road,Singapore Zam Zam (newer outlet),Various locations,Healthier Chicken Shawarma Wrap,2,15 min,12 min,2 chicken breasts sliced thin; 2 wholemeal tortillas; 1 cup mixed salad; 1 tomato sliced; 1/2 cucumber sliced; Greek yoghurt (3 tbsp); 1 tsp cumin; 1 tsp paprika; 1/2 tsp turmeric; lemon juice; garlic,Marinate chicken with cumin paprika turmeric garlic and lemon 10 min; grill or pan-fry chicken with minimal oil 5-6 min; warm wholemeal tortillas; spread yoghurt sauce (yoghurt+garlic+lemon); layer chicken salad tomato cucumber; roll up tightly,Chicken breast,"NTUC FairPrice, Sheng Siong",~$4.50,Wholemeal tortilla wraps,"Cold Storage, FairPrice (bread section)",~$5.00/pack,Greek yoghurt,"NTUC FairPrice, Cold Storage",~$4.50,"Cumin, paprika, turmeric","Mustafa Centre, any supermarket",~$2-3,Halal,Halal,Halal,Halal
Claypot Rice,630,Steamed Brown Rice with Braised Chicken & Veg,400,230,30g,10g,4g,No charred lard crust; brown rice adds fibre; braised chicken is leaner than lap cheong,New Lucky Claypot Rice,"Chinatown Complex, #02-197",Lian He Ben Ji Claypot Rice,"Chinatown Complex, #02-198/199",Geylang Claypot Rice,"Blk 1 Geylang Serai, #01-10",Healthier Claypot-style Rice,2,10 min,30 min,1.5 cups brown rice; 200g chicken thigh (skinless); 2 tbsp dark soy; 1 tbsp oyster sauce; 1 tsp sesame oil; 1 cup kai lan (Chinese broccoli); 3 slices ginger; spring onion,Season chicken with dark soy oyster sauce ginger; cook brown rice in rice cooker; 5 min before done lay chicken on rice to steam; rest 5 min; blanch kai lan; serve topped with spring onion and dash of sesame oil,Brown rice,"NTUC FairPrice, Sheng Siong",~$6.00/2.5kg,Skinless chicken thigh,"NTUC FairPrice, Sheng Siong",~$4.00/pack,"Dark soy, oyster sauce",NTUC FairPrice (sauce aisle),~$3.00,Kai lan (Chinese broccoli),Any wet market or supermarket,~$1.50,Not Halal,Not Halal,Not Halal,Not Halal
Satay (10 sticks with peanut sauce),700,Chicken Satay (5 sticks) with Cucumber Salad,350,350,28g,14g,2g,Half portion still satisfying; cucumber salad adds freshness; less peanut sauce cuts sugar/fat,Lau Pa Sat Satay Street,"18 Raffles Quay, Boon Tat St",Haron Satay,"East Coast Lagoon Food Village, #01-28",Kwang Satay,"Old Airport Road Food Centre, #01-52",Grilled Chicken Satay (Healthier),2,20 min,10 min,300g chicken breast cut into strips; 10 bamboo skewers; marinade: 1 tbsp turmeric 1 tsp cumin 1 tbsp lemongrass paste 1 tsp honey 1 tbsp light soy; cucumber-onion salad; reduced peanut dip: 2 tbsp peanut butter 1 tbsp water 1 tsp lime juice,Thread chicken onto soaked skewers; marinate 15 min; grill or pan-fry 3-4 min each side; make salad with cucumber onion and vinegar dressing; thin peanut butter with water and lime for dipping; serve 5 sticks per person with salad,Chicken breast,"NTUC FairPrice, Sheng Siong",~$4.50,Bamboo skewers,"NTUC FairPrice (cooking aisle), Daiso",~$2.00,"Turmeric, cumin, lemongrass paste","Mustafa Centre, NTUC FairPrice",~$3.00,Peanut butter (no sugar added),"NTUC FairPrice, Cold Storage",~$5.00,Halal,Halal,Halal,Not Halal
Popiah (Fried Spring Roll 3pcs),450,Fresh Popiah (2 rolls),188,262,8g,6g,4g,Not deep-fried; fresh skin is lower calorie; packed with turnip and vegetables,Kway Guan Huat Popiah,95 Joo Chiat Road,Crispy Popiah stall,"Tanjong Pagar Plaza Market, #02-26",Ann Chin Popiah,Multiple outlets island-wide,Fresh Popiah,4,30 min,20 min,8 fresh popiah skins; 300g jicama/turnip (shredded); 100g carrots (shredded); 100g bean sprouts; 2 eggs (scrambled); 50g dried shrimp; lettuce leaves; 2 cloves garlic; sweet sauce; chilli sauce; crushed peanuts,Stir-fry garlic then add jicama and carrots with splash of water; braise 15 min until soft; scramble eggs separately; toast dried shrimp; lay popiah skin flat add lettuce then turnip filling egg peanuts; fold sides and roll tightly; slice in half,Fresh popiah skin,"Kway Guan Huat (95 Joo Chiat Rd), NTUC FairPrice",~$3.00/pack,Jicama/bangkuang (turnip),"Any wet market, NTUC FairPrice",~$2.00,Dried shrimp,"NTUC FairPrice, Sheng Siong",~$3.50,Crushed peanuts,NTUC FairPrice (baking/snack section),~$2.50,Halal,Not Halal,Not Halal,Not Halal
Fried Carrot Cake (Black),480,Steamed Carrot Cake (White - less oil),250,230,8g,8g,1g,Steamed version uses 70% less oil; white version has no sweet dark sauce (lower sugar); still satisfying,Chai Tow Kway (Blk 16 stall),"Bedok South, Blk 16 Hawker Centre",He Zhong Carrot Cake,"Chinatown Complex, #02-176",Hougang 6 Miles Famous Fried Carrot Cake,"Blk 682 Hougang Ave 4, #01-340",Steamed Radish Cake (lighter),4,20 min,30 min,500g white radish (grated); 150g rice flour; 50g tapioca starch; 400ml water; 1 tsp salt; 2 tbsp dried shrimp; spring onion; 1 tbsp oil for pan (less than traditional),Grate radish and simmer in water 10 min; mix rice flour and tapioca starch with 200ml water to form batter; combine with cooked radish; pour into oiled tray and steam 30 min; cool and slice; pan-fry lightly with egg and chai poh (preserved radish),White radish (daikon),"Any wet market, NTUC FairPrice",~$1.50,Rice flour + tapioca starch,"NTUC FairPrice, Sheng Siong",~$2.00 each,Dried shrimp + preserved radish (chai poh),"NTUC FairPrice, Sheng Siong",~$3.00,Spring onion,Any wet market or supermarket,~$0.80,Not Halal,Not Halal,Not Halal,Not Halal
Rojak (Fried Dough Fritters type),550,Fruit Rojak (No Fried Dough),280,270,6g,12g,5g,Skip fried you tiao dough pieces; fruit and veg version keeps the prawn paste dressing; more vitamins,Toa Payoh Rojak,"Blk 93 Toa Payoh Lorong 4, #01-42",Balestier Road Hoover Rojak,685 Balestier Road,Dunman Road Rojak,"Blk 17 Dunman Food Centre, #01-22",Fresh Fruit & Veg Rojak,2,15 min,0 min,1 cup pineapple chunks; 1 cup cucumber; 1 cup jicama; 1 green mango (sliced); bean sprouts; tau pok (1 piece toasted); rojak sauce: 2 tbsp hae ko (prawn paste) + 1 tbsp lime juice + 1 tsp sugar + chilli padi; crushed peanuts,Prepare all fruits and vegetables into bite-sized pieces; toast tau pok lightly (skip you tiao); mix rojak sauce separately; toss everything together; top with crushed peanuts; serve immediately,Hae ko (prawn paste),"NTUC FairPrice, Sheng Siong (Asian sauces)",~$3.00,"Pineapple, cucumber, jicama",Any wet market or supermarket,~$3-4 total,Green mango,"Wet market fruit stalls, FairPrice",~$2.00,Tau pok (fried tofu puffs),"NTUC FairPrice, Sheng Siong",~$1.50,Halal,Not Halal,Not Halal,Not Halal
Nasi Briyani (Mutton),750,Nasi Briyani (Grilled Chicken + less rice),450,300,32g,14g,2g,Chicken is leaner than mutton; ask for less rice; skip deep-fried papadum; keep raita for probiotics,Allauddin's Briyani,"Tekka Centre, #01-245",Bismillah Briyani,50 Dunlop St,Islamic Restaurant,745 North Bridge Road,Lighter Chicken Briyani,2,15 min,30 min,1 cup basmati rice; 200g chicken breast; 2 tbsp yoghurt; 1 tsp garam masala; 1/2 tsp turmeric; 1 bay leaf; 2 cardamom pods; 1 cinnamon stick; 1 onion (sliced); 1 tomato; saffron strands; fresh mint; raita (yoghurt + cucumber),Marinate chicken in yoghurt and spices 10 min; sautÃ© onion until golden; add chicken and cook 5 min; add rice and water (2:1 ratio) with whole spices; cook on low 20 min covered; rest 5 min; serve with raita and fresh mint; use only 3/4 cup rice per person,Basmati rice,"NTUC FairPrice, Mustafa Centre",~$5.00/1kg,Chicken breast,"NTUC FairPrice, Sheng Siong",~$4.50,"Garam masala, cardamom, cinnamon","Mustafa Centre (cheapest), NTUC FairPrice",~$3-5,Greek yoghurt (for marinade + raita),"NTUC FairPrice, Cold Storage",~$4.50,Halal,Halal,Halal,Halal
Mee Rebus,520,Mee Siam (less gravy),400,120,16g,12g,2g,Thinner tamarind gravy vs thick potato gravy; more veg toppings; tangy flavour with fewer calories,Rahim Muslim Food,"Amoy Street Food Centre, #02-68",Inspirasi (Mee Rebus),"Adam Road Food Centre, #01-31",Hajjah Maimunah,11 & 15 Jalan Pisang,Healthier Mee Siam,2,15 min,15 min,200g bee hoon; sauce: 2 tbsp chilli paste + 2 tbsp tamarind juice + 1 tbsp sugar + 200ml water; bean sprouts; hard-boiled egg; tau pok sliced; lime; chives; dried shrimp,Fry chilli paste with dried shrimp until fragrant; add tamarind juice sugar and water to form gravy; soak bee hoon in hot water 5 min drain; toss bee hoon in gravy until coated; top with bean sprouts sliced tau pok egg chives; squeeze lime over,Rice vermicelli (bee hoon),"NTUC FairPrice, Sheng Siong",~$1.50,Tamarind paste,"NTUC FairPrice, Mustafa Centre",~$2.50,Chilli paste (sambal),"NTUC FairPrice, Sheng Siong",~$3.00,"Tau pok, bean sprouts, chives",Any wet market or supermarket,~$2-3,Halal,Halal,Halal,Halal
Bak Kut Teh (Pork Ribs Soup),480,Bak Kut Teh (Lean Pork Loin version),320,160,30g,8g,1g,Lean pork loin instead of fatty ribs; skip the you tiao (fried dough); add more vegetables; still herbal and warming,Song Fa Bak Kut Teh,"11 New Bridge Road, #01-01",Founder Bak Kut Teh,347 Balestier Road,Ng Ah Sio Pork Ribs Eating House,208 Rangoon Road,Lean Pork Bak Kut Teh,2,10 min,40 min,300g lean pork loin (sliced); 1L water; 1 BKT spice packet (white pepper + garlic + star anise + cloves); 4 cloves garlic; 1 tbsp light soy; 1 tbsp dark soy; lettuce leaves; mushrooms,Boil water with BKT spice packet and garlic 10 min; add lean pork slices and simmer 30 min; add mushrooms last 5 min; season with soy sauces; serve with lettuce leaves on side instead of you tiao; pair with brown rice,Lean pork loin,"NTUC FairPrice, Sheng Siong",~$5.00/pack,BKT spice packet,"NTUC FairPrice, Sheng Siong",~$2.00,Light + dark soy sauce,NTUC FairPrice (sauce aisle),~$3.00,Mushrooms (shiitake or button),"NTUC FairPrice, Cold Storage",~$3.50,Not Halal,Not Halal,Not Halal,Not Halal
Kaya Toast Set (with soft-boiled eggs + kopi),448,Wholemeal Toast with Peanut Butter + Teh-O-Kosong,240,208,10g,10g,4g,Wholemeal bread adds fibre; no condensed milk in drink saves 100 kcal; peanut butter has healthy fats,Ya Kun Kaya Toast,Multiple outlets island-wide,Toast Box,Multiple outlets island-wide,Killiney Kopitiam,67 Killiney Road,Healthier Breakfast Toast,2,5 min,5 min,4 slices wholemeal bread; 2 tbsp natural peanut butter (no sugar); 1/2 banana (sliced); 2 soft-boiled eggs; teh-o-kosong (black tea no sugar),Toast wholemeal bread until crispy; spread thin layer of peanut butter; add banana slices; soft-boil eggs 6.5 min; serve with teh-o-kosong; total set is under 250 kcal,Wholemeal bread,NTUC FairPrice (Gardenia or Sunshine brand),~$3.00,Natural peanut butter (no sugar added),"Cold Storage, FairPrice (Pic's or ManiLife brand)",~$8.00,Free-range eggs,"NTUC FairPrice, Cold Storage",~$4.50/10,Tea bags (for teh-o-kosong),"NTUC FairPrice, Sheng Siong",~$3.00,Halal,Not Halal,Not Halal,Not Halal
Curry Chicken with Rice,650,Steamed Chicken with Brown Rice & Achar,380,270,32g,8g,4g,No coconut milk curry; steaming keeps chicken lean; achar (pickled veg) adds tangy crunch without calories,Tian Tian Hainanese Chicken Rice,"Maxwell Food Centre, #01-10",Ah Tai Hainanese Chicken Rice,"Maxwell Food Centre, #01-07",Boon Tong Kee,399/401 Balestier Road,Steamed Ginger Chicken with Achar,2,10 min,25 min,2 chicken drumsticks (skinless); 1 cup brown rice; 3 slices ginger; 1 stalk spring onion; achar: 1 cup cucumber + 1 carrot + 2 tbsp rice vinegar + 1 tsp sugar + pinch salt + sesame seeds,Rub chicken with ginger and salt; steam over boiling water 20-25 min until cooked through; cook brown rice; make achar by pickling cucumber and carrot in vinegar/sugar/salt mix 10 min; slice chicken serve over rice with achar on side,Brown rice,"NTUC FairPrice, Sheng Siong",~$6.00/2.5kg,Chicken drumsticks (skinless),"NTUC FairPrice, Sheng Siong",~$3.50,Rice vinegar,NTUC FairPrice (Asian sauces),~$3.00,"Cucumber, carrot (for achar)",Any wet market or supermarket,~$1.50,Halal,Not Halal,Not Halal,Not Halal
Char Siew Rice (BBQ Pork),590,Lean Char Siew with Brown Rice & Greens,400,190,30g,12g,3g,Lean pork tenderloin instead of fatty belly; less sweet glaze; added vegetables for fibre,Char Siew Yoong,"Blk 226D Ang Mo Kio Ave 1, #01-756",Kay Lee Roast Meat,18 Upper East Coast Road,Fatty Cheong (less fatty option),"Blk 46 Holland Drive, #01-31",Healthier Char Siew Rice,2,15 min,25 min,300g pork tenderloin; marinade: 2 tbsp hoisin sauce + 1 tbsp honey + 1 tbsp light soy + 1 tsp five-spice + red food colouring (optional); 1 cup brown rice; 1 cup choy sum; sesame seeds,Marinate pork 10 min (or overnight in fridge); roast at 200C for 20 min basting halfway; rest 5 min then slice; cook brown rice; blanch choy sum; assemble with sesame seeds on top,Pork tenderloin (lean),"NTUC FairPrice, Cold Storage",~$6.00,Hoisin sauce + five-spice powder,NTUC FairPrice (Asian sauces),~$4.00,Brown rice,"NTUC FairPrice, Sheng Siong",~$6.00/2.5kg,Choy sum,Any wet market or supermarket,~$1.50,Not Halal,Not Halal,Not Halal,Not Halal
Fishball Noodles (Dry),420,Fishball Noodle Soup (clear broth),310,110,20g,6g,2g,Soup version skips oily chilli sauce dressing; clear broth is hydrating; still same bouncy fishballs,Song Kee Fishball Noodle,"Toa Payoh Lorong 4 Hawker, #01-33",Li Xin Teochew Fishball Noodle,"Chinatown Complex, #02-52",Ru Ji Kitchen (fishball mee pok),"Blk 19 Toa Payoh Lorong 7, #01-23",Fishball Noodle Soup,2,5 min,10 min,200g mee pok or mee kia; 8-10 fishballs; 100g minced pork (lean); 800ml pork/ikan bilis stock; chye sim; fried shallots; light soy sauce; white pepper,Boil stock; cook noodles 1-2 min and drain; add fishballs and minced pork to broth 3 min; add chye sim last 30 sec; place noodles in bowl ladle soup over; top with fried shallots and dash of soy,Fishballs (fresh handmade),"NTUC FairPrice (chilled), wet market",~$3.50/pack,Mee pok/mee kia noodles,"Any wet market noodle stall, NTUC FairPrice",~$1.20,Lean minced pork,"NTUC FairPrice, Sheng Siong",~$3.50,"Chye sim, fried shallots",Wet market + NTUC FairPrice,~$2.00,Not Halal,Not Halal,Not Halal,Not Halal
Fried Bee Hoon (with luncheon meat),500,Clear Soup Bee Hoon with Sliced Fish & Veg,280,220,25g,5g,2g,No frying at all; fish provides omega-3; loaded with vegetables; very low fat,Any fish soup stall (island-wide),Various hawker centres,Piao Ji Fish Porridge,"Blk 352 Clementi Ave 2, #01-203",First Street Teochew Fish Soup,"Bukit Merah Central, #01-81",Fish Soup Bee Hoon,2,5 min,10 min,150g bee hoon; 200g red garoupa or threadfin fillet sliced; 800ml fish/ikan bilis stock; 1 tomato; 1 cup napa cabbage; ginger slices; Chinese celery; white pepper; fried garlic,Boil stock with ginger and tomato 5 min; add cabbage 2 min; gently add fish slices 2 min; soak bee hoon separately drain; assemble in bowl with stock and toppings; garnish with celery and fried garlic; season with white pepper,Fresh fish fillet (garoupa/threadfin),"Wet market fishmonger, NTUC FairPrice",~$7/300g,Bee hoon,"NTUC FairPrice, Sheng Siong",~$1.50,"Tomato, napa cabbage",Any wet market or supermarket,~$2.00,Fried garlic,NTUC FairPrice (cooking aisle),~$2.50,Halal,Not Halal,Not Halal,Not Halal
Nasi Goreng (Fried Rice Malay-style),620,Nasi Ulam (Herb Rice),320,300,10g,8g,5g,No frying involved; rice is mixed with fresh herbs; lots of vitamins and antioxidants; very aromatic,Hjh Maimunah,11 & 15 Jalan Pisang,Warong Nasi Pariaman,738 North Bridge Road,Geylang Serai market Malay stalls,1 Geylang Serai,Nasi Ulam (Malay Herb Rice),2,20 min,15 min,1.5 cups cooked jasmine rice (cooled); 1 cup mixed herbs: daun kesum (laksa leaf) + torch ginger bud + turmeric leaf + lemongrass + kaffir lime leaf (all finely sliced); 2 tbsp kerisik (toasted coconut); 1 tbsp dried shrimp (toasted); salt to taste,Cook rice and cool completely; finely shred all herbs (julienne); toast coconut flakes until golden (kerisik); toast dried shrimp; mix everything into rice gently; season with salt; serve at room temperature; pairs well with grilled fish,"Fresh herbs (daun kesum, torch ginger, turmeric leaf)","Geylang Serai Market, Tekka Market (herb stalls)",~$2-3,Jasmine rice (or brown for extra fibre),"NTUC FairPrice, Sheng Siong",~$5.00/2kg,Desiccated coconut (for kerisik),"NTUC FairPrice, Sheng Siong",~$2.00,Dried shrimp,"NTUC FairPrice, Sheng Siong",~$3.50,Halal,Halal,Halal,Halal
Fried Hokkien Mee,522,Stir-Fried Kway Teow with Prawns (less oil),380,142,22g,12g,1g,Use healthier oil in smaller amount; more prawns less pork belly; still wok hei flavour,Kim Keat Hokkien Mee,Blk 511 Bishan St 13,Geylang Lor 29 Hokkien Mee,Blk 396 East Coast Road,Come Daily Hokkien Mee,"Blk 48 Holland Drive, #01-44",Lighter Hokkien Mee,2,10 min,10 min,150g yellow noodles; 100g bee hoon; 200g prawns (peeled); 100g squid (sliced); 1 egg; 200ml prawn stock; 2 tbsp canola oil (instead of lard); bean sprouts; chives; sambal on side; lime,Make quick prawn stock from shells; heat wok with canola oil; fry noodles 1 min; add stock and cover 3 min; push aside crack egg stir; add prawns squid 2 min; add bean sprouts chives toss; serve with sambal and lime,Yellow noodles + bee hoon,"Wet market noodle stall, NTUC FairPrice",~$1.50 each,Fresh prawns + squid,"Wet market fishmonger, NTUC FairPrice",~$8-10 total,Canola oil (healthier choice),NTUC FairPrice (Healthier Choice section),~$6.00,"Bean sprouts, chives, lime",Any wet market,~$2.00,Not Halal,Not Halal,Not Halal,Not Halal
Oyster Omelette (Or Luak),580,Steamed Egg with Oysters & Veg,320,260,22g,14g,1g,No deep-frying starch batter; steamed egg is silky and light; oysters still provide zinc and iron,Ah Chuan Oyster Omelette,"Blk 16 Bedok South Hawker, #01-187",Heng Fried Oyster,"Old Airport Road Food Centre, #01-74",Lim's Fried Oyster,"Blk 62 Geylang Bahru, #01-3604",Steamed Egg with Oysters,2,5 min,12 min,4 eggs; 100g fresh oysters (cleaned); 200ml water or dashi stock; 1 tsp sesame oil; 1 tsp light soy; spring onion; white pepper; chilli sauce on side,Beat eggs with stock/water sesame oil and soy; pour into heatproof dish; place oysters on top; cover with foil; steam 10-12 min until just set; garnish with spring onion and white pepper; serve with chilli sauce,Fresh oysters,"Wet market fishmonger (Tekka, Chinatown)",~$5-6/100g,Free-range eggs,"NTUC FairPrice, Cold Storage",~$4.50/10,Sesame oil + light soy,NTUC FairPrice (sauces),~$4.00,Spring onion,Any wet market or supermarket,~$0.80,Not Halal,Not Halal,Not Halal,Not Halal
Chicken Chop Western (with fries),780,Grilled Chicken Breast with Mashed Potato & Salad,420,360,38g,12g,4g,Grilled not battered/fried; mashed potato instead of deep-fried fries; salad adds vitamins,Astons Specialities,Multiple outlets,Han's,Multiple outlets,Western food stalls at Bukit Merah/Clementi hawker centres,Various locations,Grilled Chicken with Smashed Potato,2,10 min,20 min,2 chicken breasts; 2 medium potatoes; 1 cup mixed salad greens; 1 tomato; olive oil 1 tbsp; herbs: rosemary thyme; salt pepper; lemon wedge; 2 tbsp milk for mash,Season chicken with herbs salt pepper olive oil; grill or pan-sear 6 min per side; boil potatoes until soft and mash with milk and pinch salt; toss salad with lemon; serve together,Chicken breast,"NTUC FairPrice, Sheng Siong, Cold Storage",~$4.50,Potatoes (fresh),"NTUC FairPrice, any supermarket",~$2.00,Mixed salad greens,"NTUC FairPrice, Cold Storage",~$4.00/bag,"Olive oil, rosemary, thyme","NTUC FairPrice, Cold Storage",~$8-10,Halal,Not Halal,Not Halal,Not Halal
Bubble Tea (Large Full Sugar),450,Iced Green Tea (0% sugar) with Aloe Vera,80,370,1g,0g,0g,55g less sugar; green tea antioxidants; aloe vera adds texture without calories,KOI The,Multiple outlets,LiHO,Multiple outlets,Each-A-Cup,Multiple outlets,DIY Green Tea with Aloe,1,5 min,5 min,1 green tea bag; 300ml hot water; ice; 50g aloe vera cubes (from can - rinse to remove syrup); optional: 1 tsp honey,Brew green tea 3 min; remove bag; let cool; pour over ice; rinse aloe vera cubes under water to remove syrup; add to drink; add 1 tsp honey if needed (still far less sugar than bubble tea),Green tea bags,"NTUC FairPrice, Sheng Siong",~$4.00/box,Aloe vera cubes (canned),NTUC FairPrice (canned fruit section),~$2.50,Honey (raw/natural),"NTUC FairPrice, Cold Storage",~$6.00,N/A,N/A,N/A,Halal,Halal,Halal,Halal
Kopi (with condensed milk),180,Kopi-O Kosong (black no sugar),10,170,0g,0g,0g,Almost zero calories; no condensed milk (saves 15g sugar); same caffeine kick,Any kopitiam or hawker centre,Island-wide,Ya Kun Kaya Toast,Multiple outlets,Toast Box,Multiple outlets,Kopi-O Kosong,1,2 min,3 min,2 tbsp local roasted coffee powder (Nanyang style); hot water; kopi sock filter (or pour-over); no milk no sugar,Boil water; put coffee into sock/filter; pour water through twice for strong brew; serve black; if too bitter add tiny splash of evaporated milk (kopi-c-kosong) for 20kcal total,Local coffee powder (Nanyang),"NTUC FairPrice, Sheng Siong (Lam Yeo or Killiney brand)",~$5.00,Kopi sock filter,"Mustafa Centre, hardware shops",~$3.00,N/A,N/A,N/A,N/A,N/A,N/A,Halal,Halal,Halal,Halal
Milo Dinosaur,280,Milo Kosong (no sugar/condensed milk),90,190,4g,2g,1g,Skip condensed milk and Milo powder topping; still chocolatey; far less sugar,Any kopitiam,Island-wide,Any hawker drinks stall,Island-wide,Any coffeeshop,Island-wide,DIY Milo Kosong,1,2 min,2 min,2 tbsp Milo powder; 250ml hot water or warm low-fat milk; no sugar added,Mix Milo powder with hot water or low-fat milk; stir well; serve hot or iced; the natural malt gives enough sweetness without added sugar,Milo powder,"NTUC FairPrice, Sheng Siong",~$7.00/tin,Low-fat milk (optional),"NTUC FairPrice, Cold Storage",~$3.50,N/A,N/A,N/A,N/A,N/A,N/A,Halal,Halal,Halal,Halal
Teh Tarik (pulled tea),140,Teh-C Kosong (tea + evaporated milk no sugar),60,80,2g,3g,0g,No condensed milk saves 10g sugar; evaporated milk still gives creamy texture; same tea taste,Any kopitiam or Malay food stall,Island-wide,Teh Tarik stalls at Adam Road Food Centre,"Adam Road Food Centre, 2 Adam Road",Any drinks stall,Island-wide,Teh-C Kosong,1,2 min,3 min,1 tea bag or tea dust (local brand); 200ml hot water; 2 tbsp evaporated milk; no sugar,Brew tea strong in hot water 3 min; add evaporated milk; stir well; serve hot or pour over ice for iced version,Tea dust / tea bags,"NTUC FairPrice, Sheng Siong (BOH or local brand)",~$3.00,Evaporated milk (Carnation),NTUC FairPrice,~$2.00,N/A,N/A,N/A,N/A,N/A,N/A,Halal,Halal,Halal,Halal
Ice Kachang / Chendol,300,Fresh Fruit Bowl with Sago,150,150,2g,1g,3g,No syrup/gula melaka overload; fresh fruits provide natural sweetness; sago gives chewy texture without coconut milk,Mei Heong Yuen Dessert,67 Temple Street,Dessert Hut,Maxwell Food Centre,Ah Balling Peanut Soup,Golden Mile Food Centre,Fresh Fruit with Sago,2,10 min,10 min,100g sago pearls; 1 cup mixed fruits (mango watermelon honeydew); 100ml low-fat milk; 1 tsp honey; ice; mint leaves,Boil sago in water until translucent (8-10 min); rinse under cold water; cut fruits into cubes; assemble in bowl with sago and ice; drizzle low-fat milk and honey; garnish with mint,Sago pearls,"NTUC FairPrice, Sheng Siong (dried goods)",~$2.00,Fresh fruits (mixed seasonal),"Any wet market fruit stall, NTUC FairPrice",~$4-5,Low-fat milk,"NTUC FairPrice, Cold Storage",~$3.50,Honey,"NTUC FairPrice, Cold Storage",~$6.00,Halal,Halal,Halal,Halal
Goreng Pisang (Fried Banana 5pcs),350,Grilled Banana with Peanut Butter,150,200,4g,8g,3g,No deep-frying batter; grilling caramelises natural sugars; peanut butter adds healthy fats,Any goreng pisang stall,Island-wide,Ramly Burger stalls (often have pisang),Various pasar malam,Tekka Centre snack stalls,"665 Buffalo Road, Singapore",Grilled Banana with PB,2,2 min,5 min,2 ripe bananas (halved lengthwise); 1 tbsp natural peanut butter; 1 tsp honey; pinch of cinnamon; sesame seeds,Halve bananas lengthwise; grill or pan-sear 2 min each side until caramelised; drizzle with peanut butter and honey; sprinkle cinnamon and sesame seeds,Ripe bananas,Any wet market or supermarket,~$1-2,Natural peanut butter,"Cold Storage, NTUC FairPrice",~$8.00,Cinnamon powder,"NTUC FairPrice, Mustafa Centre",~$2.50,Sesame seeds,"NTUC FairPrice, Sheng Siong",~$2.00,Halal,Halal,Halal,Halal
Chwee Kueh (with preserved radish),220,Chwee Kueh (less chai poh topping + chilli),180,40,3g,4g,1g,Ask for less preserved radish (high sodium); use more chilli for flavour; already a lighter hawker choice,Jian Bo Shui Kueh,"Tiong Bahru Market, #02-05",Bedok Chwee Kueh,"Blk 16 Bedok South, #01-187",Ghim Moh Chwee Kueh,"Blk 20 Ghim Moh Road, #01-37",Steamed Rice Cakes (Chwee Kueh),8,15 min,20 min,1 cup rice flour; 1/2 cup tapioca flour; 2 cups water; pinch salt; preserved radish (chai poh) 3 tbsp; 2 cloves garlic; 1 tbsp canola oil; chilli sauce,Mix rice flour tapioca flour water and salt until smooth; pour into small oiled moulds; steam 15-20 min; fry chai poh with garlic in minimal oil; top each kueh with small amount of chai poh; serve with chilli,Rice flour + tapioca flour,"NTUC FairPrice, Sheng Siong",~$2.00 each,Preserved radish (chai poh),"NTUC FairPrice, Sheng Siong",~$2.50,Canola oil,NTUC FairPrice (Healthier Choice),~$6.00,Chilli sauce,NTUC FairPrice (any brand),~$2.00,Halal,Not Halal,Not Halal,Not Halal
Otah (6 pieces grilled),360,Otak-Otak (3 pieces) + Steamed Fish,280,80,28g,12g,1g,Half portion of otah + added steamed fish; still smoky flavour; more protein less coconut milk filler,328 Katong Laksa (sells otah),51 East Coast Road,Kim Choo Kueh Chang (otah),60 Joo Chiat Place,Geylang Serai Market Malay stalls,1 Geylang Serai,Grilled Fish + Mini Otah,2,10 min,15 min,200g fish fillet (ikan tenggiri/mackerel); 3 pieces store-bought otah; banana leaves; marinade: 1 tsp turmeric + 1 tbsp lemon juice + pinch salt; steamed rice,Marinate fish fillet with turmeric lemon salt; wrap in banana leaf or just grill on pan 5-6 min per side; grill otah in banana leaf wraps 5 min; serve with steamed rice and cucumber slices; 1.5 otah per person instead of 3,Ikan tenggiri (mackerel fillet),"Wet market fishmonger, NTUC FairPrice",~$5-6,Store-bought otah (frozen),"NTUC FairPrice, Sheng Siong (frozen section)",~$4.00/pack,Banana leaves,"Wet market, NTUC FairPrice (frozen)",~$2.00,Turmeric + lemon,"Any wet market, supermarket",~$1.50,Halal,Not Halal,Not Halal,Halal
Nasi Padang (Rendang + Fried Chicken + Sayur),850,Nasi Padang (Grilled Fish + Sayur Lodeh + Sambal),500,350,30g,18g,3g,Grilled fish instead of fried chicken; sayur lodeh has less coconut milk than rendang; still flavourful Padang-style,Hjh Maimunah,11 & 15 Jalan Pisang,Warong Nasi Pariaman,738 North Bridge Road,Nasi Padang stall at Adam Road,Adam Road Food Centre,Healthier Nasi Padang Combo,1,0 min,0 min,At the stall: choose grilled/panggang fish over fried; pick sayur lodeh (veg curry) or stir-fried long beans; 1 sambal egg; ask for less rice; skip bergedil (fried potato),Point to grilled fish (ikan panggang) and say less rice; choose 1 veg curry + 1 stir-fried veg; skip fried items like bergedil tahu goreng; sambal on side; drink plain water,N/A - buy at Nasi Padang stall,Various Padang stalls island-wide,$4-6 per plate,Brown rice (if cooking at home),"NTUC FairPrice, Sheng Siong",~$6.00/2.5kg,Sambal (if making at home),"NTUC FairPrice, Sheng Siong",~$3.00,Fresh vegetables,Any wet market or supermarket,~$2-3,Halal,Halal,Halal,Halal
Chilli Crab with Mantou (2 buns),750,Black Pepper Crab (no mantou),480,270,35g,22g,0g,Skip the deep-fried mantou buns (saves 200 kcal); black pepper sauce is lighter than chilli-tomato; still indulgent but better,Mellben Signature,"Blk 232 Ang Mo Kio Ave 3, #01-1222",No Signboard Seafood,414 Geylang Road,JB Ah Meng Kitchen,556 Macpherson Road,Black Pepper Crab (lighter ver),2,10 min,15 min,1 whole mud crab (600g cleaned); 2 tbsp crushed black pepper; 3 cloves garlic; 30g butter (reduced from typical 60g); 1 tbsp oyster sauce; 1 tbsp dark soy; spring onion; serve with brown rice instead of mantou,Crack crab into pieces; heat butter in wok and fry garlic black pepper 1 min; add crab pieces stir-fry 5 min; add oyster sauce dark soy and splash of water; cover and cook 8 min; garnish spring onion; serve with brown rice,Fresh mud crab,"Tekka Market, Chinatown wet market fishmonger",~$15-20,Crushed black pepper (coarse),"NTUC FairPrice, Mustafa Centre",~$3.00,"Butter, oyster sauce, dark soy","NTUC FairPrice, Cold Storage",~$6.00 total,Brown rice,"NTUC FairPrice, Sheng Siong",~$6.00/2.5kg,Halal,Not Halal,Not Halal,Not Halal
Pig Organ Soup (Kway Chap),550,Sliced Pork Soup with Kway Teow (lean cuts),350,200,25g,10g,1g,Choose lean cuts only (no intestines/skin); flat noodle soup base; skip braised fatty bits,Blk 335 Kway Chap,"Blk 335 Smith St, Chinatown Complex, #02-127",Toa Payoh Kway Chap,"Blk 93 Lorong 4, #01-38",Old Airport Road Kway Chap,Old Airport Road Food Centre,Lean Pork Kway Teow Soup,2,5 min,15 min,200g lean pork loin (sliced thin); 200g kway teow; 800ml pork stock; 1 hard-boiled egg; tau kwa (firm tofu); chye sim; garlic; five-spice pinch; dark soy (dash),Boil pork stock with garlic and five-spice; add lean pork slices 3 min; add tau kwa; cook kway teow separately; assemble in bowl with broth; add halved egg and chye sim; season with dark soy,Lean pork loin,"NTUC FairPrice, Sheng Siong",~$5.00,Fresh kway teow,"Wet market, NTUC FairPrice chilled",~$1.50,Tau kwa (firm pressed tofu),"NTUC FairPrice, Sheng Siong",~$1.50,"Five-spice powder, dark soy",NTUC FairPrice (spices/sauces),~$3.00,Not Halal,Not Halal,Not Halal,Not Halal
Laksa (full coconut),680,Mee Siam (Dry less gravy),370,310,14g,10g,2g,No coconut milk; tamarind-based sauce is tangy not fatty; lighter noodles; still packs a flavour punch,Sungei Road Laksa (for laksa lovers),"27 Jalan Berseh, #01-100",Marine Parade Laksa,50 East Coast Road,Katong Laksa,51 East Coast Road,Mee Siam (lighter),2,15 min,10 min,200g bee hoon (soaked); sauce: 3 tbsp rempah (spice paste) + 2 tbsp tamarind juice + 1 tbsp sugar + 100ml water; toppings: hard-boiled egg + bean sprouts + tau pok slices + chives + lime; dried shrimp 1 tbsp,Fry rempah paste with dried shrimp until fragrant; add tamarind juice sugar and water; toss drained bee hoon in sauce; serve topped with sliced tau pok egg bean sprouts chives; squeeze lime,Bee hoon,"NTUC FairPrice, Sheng Siong",~$1.50,Rempah / mee siam paste,NTUC FairPrice (Prima Taste or ready-made),~$3.50,Tamarind juice + tau pok,NTUC FairPrice (sauces + chilled section),~$3.00,"Bean sprouts, chives, lime",Any wet market or supermarket,~$2.00,Halal,Halal,Halal,Halal
Sup Kambing (Mutton Soup with bread),550,Sup Ayam (Chicken Soup with wholemeal bread),320,230,25g,8g,3g,Chicken is leaner than mutton; wholemeal bread instead of white adds fibre; still warm and spiced,Kambing Soup stall,"Tekka Centre, Little India",Adam Road Sup Kambing,Adam Road Food Centre,Zam Zam Restaurant,697 North Bridge Road,Healthier Chicken Soup (Sup Ayam),2,10 min,30 min,2 chicken drumsticks (skinless); 1L water; 1 cinnamon stick; 2 star anise; 3 cloves; 1 onion; 2 potatoes (cubed); 1 carrot (cubed); 1 celery stalk; salt and pepper; fried shallots; 2 slices wholemeal bread,Boil water with spices and onion 5 min; add chicken and simmer 20 min; add potato and carrot last 10 min; remove chicken and shred meat off bone; return meat to pot; season with salt pepper; serve in bowl with celery and fried shallots; eat with wholemeal bread,Skinless chicken drumsticks,"NTUC FairPrice, Sheng Siong",~$3.50,"Cinnamon, star anise, cloves","Mustafa Centre, NTUC FairPrice",~$3.00,"Potatoes, carrots, celery",Any supermarket or wet market,~$3.00,Wholemeal bread,NTUC FairPrice (Gardenia brand),~$3.00,Halal,Halal,Halal,Halal
Dim Sum (Har Gow + Siew Mai + Char Siew Bao = 6pcs),480,Steamed Dim Sum (Crystal Dumplings + Chee Cheong Fun),300,180,18g,8g,2g,Stick to steamed only; skip baked/fried items; chee cheong fun is very low cal; portion control,Swee Choon Tim Sum,183/185/187/189/191/193 Jalan Besar,Red Star Restaurant,54 Chin Swee Road,Dim Sum Haus (Golden Mile),"505 Beach Road, Golden Mile Complex",Lighter Dim Sum Set,2,0 min,0 min,Order at restaurant: 2 crystal shrimp dumplings + 2 steamed siew mai + 1 plate chee cheong fun; skip char siew bao and fried items; have Chinese tea (pu-erh) for digestion,Choose steamed over fried/baked; crystal dumplings are lighter than har gow; pick chee cheong fun (rice rolls) as a filler; drink Chinese tea; limit to 6-8 pieces total; skip sweet sauce go for light soy,N/A - order at dim sum restaurant,Dim sum restaurants,~$15-20 for 2,Rice roll flour (for homemade chee cheong fun),"NTUC FairPrice, Sheng Siong",~$3.00,Frozen dim sum (steamed options),"NTUC FairPrice, Cold Storage (frozen)",~$6-8/pack,Chinese tea (pu-erh),"NTUC FairPrice, tea shops (Chinatown)",~$5.00,Not Halal,Not Halal,Not Halal,Not Halal
Mee Pok Dry (with vinegar chilli),440,Mee Pok Soup (less oil),330,110,22g,8g,2g,Soup version eliminates chilli oil and vinegar dressing; still flavourful with lean pork and fishballs,Seng Kee Mushroom Minced Meat Noodle,"Blk 253 Ang Mo Kio Ave 4, #01-02",Tai Hwa Pork Noodle (Bak Chor Mee),"Blk 466 Crawford Lane, #01-12",Ah Kow Mushroom Minced Pork Mee,"Blk 527 Ang Mo Kio Ave 10, #01-1360",Mee Pok Soup,2,5 min,10 min,200g mee pok noodles; 80g lean pork mince; 6 fishballs; 800ml pork/ikan bilis stock; 1 tbsp fried shallots; chye sim; light soy; vinegar (1 tsp on side); white pepper,Boil stock; season pork mince with dash of soy and pepper; cook mee pok 1-2 min; form small pork meatballs or just drop mince into broth; add fishballs; add chye sim last; serve in bowl with broth and fried shallots; put vinegar on side,Fresh mee pok noodles,"Wet market noodle stall, NTUC FairPrice",~$1.20,Lean minced pork + fishballs,"NTUC FairPrice, Sheng Siong",~$5.00 total,"Chye sim, fried shallots",Wet market + NTUC FairPrice,~$2.00,Light soy + white pepper,NTUC FairPrice (sauces),~$3.00,Not Halal,Not Halal,Not Halal,Not Halal
Ngoh Hiang (Five Spice Rolls 5pcs fried),450,Steamed Ngoh Hiang (homemade less oil),280,170,18g,12g,2g,Steaming instead of deep-frying; homemade allows control of fat content; beancurd skin still gives crunch when pan-seared lightly,House of Ngoh Hiang,"Old Airport Road Food Centre, #01-07",Guan Chee Ngoh Hiang,"96 Whampoa Drive, #01-59",Lau Pa Sat food stalls,18 Raffles Quay,Steamed Five-Spice Roll,6,20 min,15 min,200g lean pork mince; 100g prawns (chopped); 50g water chestnuts (diced); 1 tsp five-spice powder; 1 egg; 1 tbsp cornstarch; beancurd skin sheets; salt and pepper; sweet sauce for dipping,Mix pork prawns water chestnuts five-spice egg cornstarch salt pepper; lay beancurd skin flat; spread mixture along edge and roll up tightly; steam rolls 12-15 min; optional: lightly pan-sear after for crispiness; slice and serve with sweet sauce,Lean pork mince + prawns,"NTUC FairPrice, Sheng Siong",~$6.00 total,Beancurd skin (tau kee sheets),"NTUC FairPrice, Sheng Siong (chilled/dried)",~$2.00,Water chestnuts (canned),NTUC FairPrice (canned section),~$2.50,"Five-spice powder, cornstarch",NTUC FairPrice (spices/baking),~$2.50,Not Halal,Not Halal,Not Halal,Not Halal
Curry Puff (3 pieces),440,Steamed Chicken Pau (2 pieces),240,200,12g,6g,1g,Steamed vs deep-fried pastry; chicken filling is leaner; still savoury and portable,Old Chang Kee (if craving),Multiple outlets,Tiong Bahru Pau,"Tiong Bahru Market, #02-18",Bao Today,Multiple outlets,Steamed Chicken Pau,4,20 min,15 min,Dough: 2 cups pau flour + 1 tsp instant yeast + 2 tbsp sugar + 100ml warm water + 1 tbsp oil; Filling: 150g chicken breast (diced) + 1 tbsp oyster sauce + 1 tsp sesame oil + 50g bamboo shoots + spring onion,Make dough: mix flour yeast sugar water oil knead 5 min rest 30 min; make filling: dice chicken mix with oyster sauce sesame oil bamboo shoots; divide dough into 4; flatten wrap filling and pleat shut; steam on parchment 12-15 min,Pau flour (Hong Kong flour),NTUC FairPrice (baking section),~$3.00,Chicken breast,"NTUC FairPrice, Sheng Siong",~$4.50,"Oyster sauce, sesame oil",NTUC FairPrice (sauces),~$4.00,Bamboo shoots (canned),NTUC FairPrice,~$2.00,Not Halal,Not Halal,Not Halal,Not Halal
Iced Lemon Tea (sweetened hawker),180,Iced Barley Water (less sugar homemade),60,120,1g,0g,1g,Barley is naturally sweet; homemade allows minimal sugar; cooling and good for digestion,Any drinks stall,Island-wide,Various hawker centres,Island-wide,Rochor Original Beancurd (sells barley),2 Short Street,Homemade Barley Water,4,5 min,45 min,100g pearl barley; 1.5L water; 2 pandan leaves; 1 tbsp rock sugar (or less); optional: soy milk splash,Rinse barley well; boil in water with pandan leaves 40-45 min until soft; add rock sugar last 5 min (use half of what recipes say); cool and refrigerate; serve cold; barley grains are edible and nutritious,Pearl barley,"NTUC FairPrice, Sheng Siong",~$3.00/pack,Pandan leaves,Any wet market,~$0.50,Rock sugar (use minimal),NTUC FairPrice (baking),~$2.00,N/A,N/A,N/A,Halal,Halal,Halal,Halal
Sugarcane Juice (large),200,Coconut Water (fresh young coconut),60,140,1g,0g,0g,Natural electrolytes; no added sugar; only 60 kcal per coconut; very hydrating,Any sugarcane juice stall,Island-wide,Old Airport Road drinks stalls,Old Airport Road Food Centre,Any fruit juice stall,Various hawker centres,Fresh Coconut Water,1,0 min,0 min,Buy 1 fresh young coconut from fruit stall; ask them to chop open; drink water straight; scoop flesh for bonus fibre,Buy from wet market or supermarket; drink directly; coconut water has natural potassium and electrolytes; no processing needed,Fresh young coconut,"Wet market fruit stalls, NTUC FairPrice",~$2.50-3.50,N/A,N/A,N/A,N/A,N/A,N/A,N/A,N/A,N/A,Halal,Halal,Halal,Halal
